주소,병원분류명,경도,위도
"서울특별시 동대문구 천호대로 3, 지하1,지상1~2층 (신설동)",한방병원,127.024344406042,37.5753483891625
"서울특별시 동대문구 천호대로 2, 이지빌딩 5층 (신설동)",의원,127.023557307449,37.5750052699082
"서울특별시 동대문구 휘경로 15, 3층 (이문동)",치과의원,127.061962760963,37.5959001609367
"서울특별시 동대문구 전농로 36, 답십리포레스트스퀘어 2층 202호 (답십리동)",의원,127.05740663686332,37.568010500056864
서울특별시 동대문구 망우로 123 (휘경동),의원,127.06659655052,37.591711720367
"서울특별시 동대문구 전농로23길 76, 1층 (전농동)",한의원,127.05273671694351,37.57820473214254
"서울특별시 동대문구 약령중앙로 5, 대산빌딩 A동 1층 102-1호 (제기동)",한의원,127.036583747228,37.5788373944495
서울특별시 동대문구 약령중앙로10길 9 (제기동),한의원,127.03772274777282,37.58255813796585
"서울특별시 동대문구 왕산로 147, 2층 (제기동)",한의원,127.03965869498,37.5787842338973
서울특별시 동대문구 천호대로 427-4 (장안동),의원,127.066763608282,37.5618398833013
"서울특별시 동대문구 전농로 102, 3층 (답십리동)",의원,127.057855083646,37.5739827977728
서울특별시 동대문구 망우로 131  (휘경동),치과의원,127.06742980778836,37.59184909905722
서울특별시 동대문구 이문로 9-1 (회기동),한의원,127.05435675523756,37.58912403198214
"서울특별시 동대문구 답십리로 289, 2층 (장안동)",한의원,127.0724384249,37.5725252297
"서울특별시 동대문구 한천로 43, 201호 (답십리동)",치과의원,127.061125017783,37.5659476957408
"서울특별시 동대문구 고산자로 420, 401호,402호 (용두동)",치과의원,127.03868333333332,37.57734722222222
"서울특별시 동대문구 망우로 77, 2층 (휘경동)",의원,127.061771664222,37.5901988753682
"서울특별시 동대문구 장한로 144, 2층 (장안동)",치과의원,127.072120365569,37.5731435969532
"서울특별시 동대문구 왕산로 225, 2층 (청량리동)",의원,127.04697410736284,37.58182694149463
"서울특별시 동대문구 서울시립대로 31, 102동 202호 (전농동, 동아아파트)",한의원,127.045864474612,37.5753105451014
서울특별시 동대문구 이문로 186 (이문동),의원,127.062222299014,37.6032482347083
"서울특별시 동대문구 전농로 110, 1, 2층 (답십리동)",의원,127.057992394709,37.5747098330695
서울특별시 동대문구 경희대로 23 (회기동),종합병원,127.05183223390304,37.5938765502235
"서울특별시 동대문구 답십리로30길 51, 1층 (답십리동)",한의원,127.04753040599132,37.5730424428542
서울특별시 동대문구 왕산로 171 (제기동),의원,127.04207782115849,37.57949923248537
"서울특별시 동대문구 망우로 123, 2층 (휘경동)",의원,127.0665963249,37.5917126215
서울특별시 동대문구 이문로 119-1 (이문동),한의원,127.03464166666669,37.58799166666667
"서울특별시 동대문구 약령중앙로6길 15, 1층 (제기동)",한의원,127.03802560391487,37.58085930607179
"서울특별시 동대문구 한빛로 12, 중4층 (신설동)",의원,127.02488711973422,37.57675788185222
"서울특별시 동대문구 약령중앙로2길 14, 1,2층 (제기동)",한의원,127.0376395582248,37.57866461227275
"서울특별시 동대문구 망우로 123, 5층 (휘경동, 휘경메디컬프라자)",의원,127.0665963248667,37.59171262149207
"서울특별시 동대문구 약령동길 41, 2층 209호 (제기동)",한의원,127.037687327976,37.5802284521778
"서울특별시 동대문구 왕산로 176, 3층 (전농동)",의원,127.043012785781,37.5792781556077
서울특별시 동대문구 이문로 12 1층  (휘경동),한의원,127.054776819931,37.5888466956933
"서울특별시 동대문구 고산자로 451, 세우약령시빌딩 2층 (제기동)",치과의원,127.038176426234,37.5800603497677
"서울특별시 동대문구 약령시로 124, 1,2,3층 (청량리동)",의원,127.043771397652,37.5829448308128
"서울특별시 동대문구 서울시립대로 31, 102동 201호 (전농동, 동아아파트)",의원,127.045864474612,37.5753105451014
"서울특별시 동대문구 전농로 22, 203. 204호 (답십리동)",한의원,127.05679618803464,37.56902351024664
"서울특별시 동대문구 답십리로 304, 2층 (장안동)",치과의원,127.0742172103,37.5718141408
"서울특별시 동대문구 약령시로 126, 4층 (청량리동)",한의원,127.043992283655,37.5829509655537
"서울특별시 동대문구 장한로 139, 2층 202호, 4층 (장안동)",한의원,127.07142542086798,37.5728968765918
"서울특별시 동대문구 장한로 129, 2,3층 (장안동)",한의원,127.070930222624,37.5719953693996
서울특별시 동대문구 무학로 124 (용두동),종합병원,127.03140257525509,37.57539886464885
"서울특별시 동대문구 홍릉로 28, 성일빌딩 1,5층 (청량리동)",의원,127.044683044631,37.5828224947419
서울특별시 동대문구 휘경로 39 (이문동),한의원,127.064273464123,37.5948915267761
"서울특별시 동대문구 이문로 85, 2층 (이문동)",한의원,127.058894660446,37.594738641925
"서울특별시 동대문구 장한로6길 4, 2층 (장안동)",한의원,127.066416193715,37.5636893742929
"서울특별시 동대문구 장한로 68, 6층 (장안동)",치과의원,127.0685663198,37.5668296478
"서울특별시 동대문구 약령시로 123, 2층 (청량리동)",의원,127.04364681737088,37.5832576117391
"서울특별시 동대문구 천호대로 301, 답십리역 지웰에스테이트 201~203호 (답십리동)",한의원,127.054315691609,37.5661374408914
서울특별시 동대문구 왕산로 123 (제기동),한의원,127.03464166666669,37.58799166666667
"서울특별시 동대문구 고산자로 399, 4층 (용두동)",치과의원,127.037769621436,37.5752762915537
"서울특별시 동대문구 이문로 37, 2층 203호 (회기동, 회기역 한일베라체캠퍼스)",의원,127.056117386349,37.5908011291028
"서울특별시 동대문구 천호대로 269, 2층 202호 (답십리동)",의원,127.05173792835954,37.56795906065796
"서울특별시 동대문구 한천로58길 47 , 상가 307호  (이문동, 쌍용아파트)",의원,127.068769452719,37.6007507501532
서울특별시 동대문구 홍릉로 5 (청량리동),의원,127.0447330221,37.5808242523432
"서울특별시 동대문구 안암로 130, 2층 (제기동)",한의원,127.033439624248,37.5867366155065
"서울특별시 동대문구 고산자로 517, 1층 (제기동)",한의원,127.0382681600864,37.58587596205719
서울특별시 동대문구 장한로 170 (장안동),치과의원,127.07228254527,37.5754486923863
"서울특별시 동대문구 천호대로 317, 1층 (답십리동, 하늘병원)",치과의원,127.055634655029,37.565178527398
"서울특별시 동대문구 장한로 119, 304호 (장안동)",의원,127.070127915974,37.5714380427267
서울특별시 동대문구 회기로 8 (제기동),의원,127.037197439,37.5910984571
서울특별시 동대문구 한천로33길 26,의원,127.06713034978304,37.57657011409483
"서울특별시 동대문구 왕산로 176, 5층 (전농동)",의원,127.043012785781,37.5792781556077
"서울특별시 동대문구 홍릉로12길 4, 지하1, 1, 2층 (청량리동)",한의원,127.044061997258,37.5850184486713
서울특별시 동대문구 답십리로 252 (장안동),의원,127.0681547875534,37.572304329812816
"서울특별시 동대문구 이문로 32, 2층 (휘경동)",의원,127.056278989218,37.5902370310645
서울특별시 동대문구 사가정로 111-2 (전농동),치과의원,127.05721016984457,37.57749986983338
서울특별시 동대문구 전농로38길 8 (전농동),의원,127.052572280742,37.5856886376313
"서울특별시 동대문구 이문로 125, 2층 (이문동)",치과의원,127.06091209001,37.5978850507988
서울특별시 동대문구 답십리로 289 (장안동),치과의원,127.072438425548,37.5725258603826
"서울특별시 동대문구 약령중앙로 16, 1층 (제기동)",한의원,127.03709210659999,37.5796270471
"서울특별시 동대문구 제기로4나길 37, 1층 (제기동)",한의원,127.0350202818,37.5842840146
"서울특별시 동대문구 전농로15길 8, 2층 (전농동)",의원,127.0567442956,37.5782353096
"서울특별시 동대문구 무학로 88 (용두동, 지하2~지상8층)",요양병원,127.031273373243,37.5721224568918
서울특별시 동대문구 고산자로 445-1 (제기동),한의원,127.03794770149727,37.57953435848447
"서울특별시 동대문구 고산자로 441, 1층 (제기동)",한의원,127.038004580324,37.5789620035398
"서울특별시 동대문구 사가정로2길 142, (답십리동)",한의원,127.0562514211462,37.567113660313325
"서울특별시 동대문구 한천로11길 16, A빌딩 2층 (답십리동)",한의원,127.061517245965,37.5673575504382
"서울특별시 동대문구 경희대로 23 (회기동, 경희의료원)",치과병원,127.050741696591,37.5937762050989
"서울특별시 동대문구 약령중앙로 8-1, 1층 (제기동)",한의원,127.037006431709,37.5789914227741
서울특별시 동대문구 경희대로 23 (회기동),한방병원,127.05183222177224,37.59385853054136
"서울특별시 동대문구 왕산로 183, 3층 (청량리동)",한의원,127.043578527298,37.5799193656574
서울특별시 동대문구 약령중앙로 8   (제기동),한의원,127.036996750279,37.5788728549979
"서울특별시 동대문구 왕산로 171, 5층 501호 (제기동)",치과의원,127.042100208729,37.579486343894
서울특별시 동대문구 홍릉로 34-1 (청량리동),의원,127.044382104526,37.5833689706382
서울특별시 동대문구 약령중앙로 25(제기동),한의원,127.036915302732,37.5806051313301
서울특별시 동대문구 전농로 134 (전농동),의원,127.057996432568,37.5768510443127
"서울특별시 동대문구 회기로 171-1, 2층 (회기동)",한의원,127.0552499702,37.5905147525
"서울특별시 동대문구 홍릉로 5, 2층 (청량리동)",치과의원,127.0447330221,37.5808242523432
서울특별시 동대문구 약령중앙로 10 (제기동),한의원,127.0371042918687,37.57908734792106
"서울특별시 동대문구 답십리로 273, 한양빌딩 4층 (장안동)",치과의원,127.070822317885,37.5726844249689
"서울특별시 동대문구 천호대로 425, 4층 (장안동)",의원,127.066468745001,37.5618156326667
"서울특별시 동대문구 망우로 78, 2층 (휘경동)",치과의원,127.06217365798464,37.58978121908012
"서울특별시 동대문구 장한로 3, 승원빌딩 7층 (장안동)",의원,127.064573772246,37.5621355469546
서울특별시 동대문구 한천로 89 (답십리동),의원,127.063984681811,37.569580706757
"서울특별시 동대문구 왕산로 109, 2층 (제기동, 한솔동의보감)",한의원,127.0359368959449,37.5786507269846
서울특별시 동대문구 휘경로 22 (이문동),치과의원,127.062297708781,37.5953567769299
"서울특별시 동대문구 사가정로25길 22-4, 1층 (장안동)",한의원,127.070615072414,37.5796614885561
서울특별시 동대문구 망우로 93 (휘경동),한의원,127.063464829662,37.5907142456335
서울특별시 동대문구 왕산로 256 (전농동),한의원,127.0498965074,37.5835542652
서울특별시 동대문구 약령서길 16 (제기동),한의원,127.03622238899275,37.57907951287892
"서울특별시 동대문구 답십리로48가길 46, 2층 (답십리동)",의원,127.057920287959,37.5710598481995
"서울특별시 동대문구 답십리로 160, 2층 (답십리동)",치과의원,127.057824693127,37.5727435844348
"서울특별시 동대문구 사가정로 148, 2층 (전농동)",의원,127.061567688813,37.5766590358858
서울특별시 동대문구 천호대로 72 (용두동),의원,127.031421189052,37.5736878062494
"서울특별시 동대문구 홍릉로 6-2, 2층 (청량리동)",의원,127.045365455325,37.5808776201137
"서울특별시 동대문구 한천로 45, 정민빌딩 1층 (답십리동)",한의원,127.061271930579,37.566215755962
서울특별시 동대문구 약령중앙로 37-2 (제기동),한의원,127.0369889876,37.5817173849
"서울특별시 동대문구 이문로9길 8, 2층 1호,2호 (이문동)",기타,127.0574348636,37.5929716157
"서울특별시 동대문구 전농로10길 20, 207호 (답십리동, 청솔우성아파트상가)",치과의원,127.060129124176,37.5746094744702
"서울특별시 동대문구 망우로21길 4, 2층 (휘경동)",의원,127.062997943849,37.5906525074882
"서울특별시 동대문구 천호대로 13, 2층 (신설동)",치과의원,127.025105231447,37.5749662081003
서울특별시 동대문구 왕산로 183,의원,127.043578527298,37.5799193656574
"서울특별시 동대문구 답십리로 9, 시대빌딩 4층 (전농동)",의원,127.043528549832,37.5784693244422
서울특별시 동대문구 한천로 120 (장안동),의원,127.06600446671,37.5718196489546
"서울특별시 동대문구 천호대로 307, 3층 (답십리동)",의원,127.054762202414,37.5657983700541
"서울특별시 동대문구 답십리로 145-1, 2층 (답십리동)",한의원,127.05632380097822,37.57307101079829
"서울특별시 동대문구 전농로16길 30, 지하1,1층 (전농동)",한의원,127.05898118683662,37.57811438090647
서울특별시 동대문구 왕산로 225 (청량리동),의원,127.047209103701,37.5821227010138
"서울특별시 동대문구 홍릉로 3, 3층 (청량리동)",의원,127.044221464535,37.5807111901805
서울특별시 동대문구 답십리로66길 105 (장안동),한의원,127.06595513349018,37.56822587267105
"서울특별시 동대문구 고산자로 399, 302호 (용두동)",의원,127.037769621436,37.5752762915537
"서울특별시 동대문구 망우로 67, 201호 (휘경동)",한의원,127.06060678115006,37.58996941865211
"서울특별시 동대문구 약령중앙로 38, 1층 (제기동)",한의원,127.0373376209,37.5815911361
"서울특별시 동대문구 서울시립대로 36, 3층 (전농동)",치과의원,127.046901294623,37.5745726736618
"서울특별시 동대문구 전농로 38, 6층 (답십리동)",의원,127.057240883237,37.5682540295405
서울특별시 동대문구 전농로 73-17  (답십리동),의원,127.056192365869,37.5714005386636
"서울특별시 동대문구 답십리로 250, 2층 (장안동)",의원,127.06787119865,37.5724234284023
"서울특별시 동대문구 사가정로 225, 3층 (장안동)",치과의원,127.070138685336,37.5789379141327
"서울특별시 동대문구 답십리로 273, 한양빌딩 5층 (장안동)",의원,127.070822317885,37.5726844249689
"서울특별시 동대문구 전농로 36, 답십리포레스트스퀘어 4층 402호 (답십리동)",의원,127.057406070901,37.5680105003259
서울특별시 동대문구 전농로 134 (전농동),의원,127.057996432568,37.5768510443127
"서울특별시 동대문구 왕산로 193, 6층, 7층 (청량리동)",의원,127.044533186272,37.5802253472646
"서울특별시 동대문구 고미술로 81, 206, 207, 208호 (답십리동)",치과의원,127.055721897581,37.5656002424883
"서울특별시 동대문구 사가정로 148, 202~204호 (전농동)",한의원,127.0590119660944,37.57739604686156
"서울특별시 동대문구 망우로 123, 5층 (휘경동)",의원,127.06659655052,37.591711720367
"서울특별시 동대문구 약령중앙로6길 16, 1층 (제기동)",한의원,127.0379847519,37.5807115598
"서울특별시 동대문구 장한로 10, 3층 (장안동)",의원,127.065498788097,37.5623569528356
"서울특별시 동대문구 이문로 136, 2층 F2-3,F2-4호 (이문동, 이문동 웰츠타워)",의원,127.061885756308,37.5984917221
"서울특별시 동대문구 이문로 136, 2층 F2-3,F2-4호 (이문동, 이문동 웰츠타워)",한의원,127.0618735167,37.5984798354
"서울특별시 동대문구 전농로 22, 5층 (답십리동, 엠제이빌딩)",의원,127.05671290806843,37.56670258957791
"서울특별시 동대문구 천호대로 267, DANA 3층 (답십리동)",의원,127.051559563993,37.5681619527974
"서울특별시 동대문구 답십리로 273, 한양빌딩 4층 (장안동)",의원,127.070822317885,37.5726844249689
서울특별시 동대문구 무학로 193-1 (용두동),병원,127.029498659534,37.5816271425374
"서울특별시 동대문구 사가정로 80, 답십리 뉴타운 카운티 에비뉴 310, 311호 (답십리동)",한의원,127.054926569574,37.5752237850342
"서울특별시 동대문구 전농로 38, 3, 4층 (답십리동)",의원,127.057240883237,37.5682540295405
"서울특별시 동대문구 고미술로 81, 2층 203, 204, 205호 (답십리동)",의원,127.055721897581,37.5656002424883
"서울특별시 동대문구 전농로 36, 3층 302호,303호 (답십리동)",의원,127.057406070901,37.5680105003259
"서울특별시 동대문구 전농로 24, 계림빌딩 3층 (답십리동)",의원,127.056886893804,37.5670162325977
"서울특별시 동대문구 전농로 36, 답십리포레스트스퀘어 4층 403호 (답십리동)",한의원,127.057406070901,37.5680105003259
"서울특별시 동대문구 고미술로 81, 3층 (답십리동)",한의원,127.055721897581,37.5656002424883
"서울특별시 동대문구 전농로 124, 2층 (전농동)",의원,127.057872293657,37.5758888432964
서울특별시 동대문구 고산자로 445-1 (제기동),한의원,127.037970539875,37.5794776533355
"서울특별시 동대문구 장한로 200 (장안동, KS빌딩)",요양병원,127.072483976271,37.5782947193958
"서울특별시 동대문구 답십리로 308, 2층 3~4호 (장안동)",치과의원,127.074549377925,37.5718587109996
"서울특별시 동대문구 전농로 113, 3층 (답십리동)",한의원,127.0573893934596,37.575041873952735
서울특별시 동대문구 왕산로 123 (제기동),치과의원,127.037160568378,37.5784272619867
"서울특별시 동대문구 장한로 137, 4층 (장안동)",치과의원,127.071197188094,37.5727547473779
"서울특별시 동대문구 왕산로 190, 301~305호 (전농동)",의원,127.044447176728,37.579515216337
"서울특별시 동대문구 답십리로 77, 2층 (전농동)",치과의원,127.049586247831,37.5751171286371
"서울특별시 동대문구 장한로 137, 5층 (장안동)",치과의원,127.071197188094,37.5727547473779
"서울특별시 동대문구 한빛로 12, 지하1층 ~ 4층 (신설동)",요양병원,127.024888817848,37.5767579715876
"서울특별시 동대문구 회기로 154, 2층 (회기동)",의원,127.05325006162,37.5910052708221
"서울특별시 동대문구 전농로 38, 5층 (답십리동)",치과의원,127.057240883237,37.5682540295405
"서울특별시 동대문구 천호대로 2, (신설동)",치과의원,127.023557307449,37.5750052699082
"서울특별시 동대문구 휘경로 13, 9층 (이문동)",의원,127.061743635095,37.5960166838474
"서울특별시 동대문구 왕산로32길 7, 5층 (용두동, BYC 청량리 오피스텔)",의원,127.04179615724,37.5787296170106
"서울특별시 동대문구 왕산로36길 6, 힐스테이트 청량리 더퍼스트 101동 201~207호 (전농동)",의원,127.043474539053,37.579230143677
"서울특별시 동대문구 휘경로 47, 2층 (휘경동)",의원,127.065088826195,37.5947280905952
"서울특별시 동대문구 천호대로 425, 3층 (장안동)",의원,127.066468745001,37.5618156326667
"서울특별시 동대문구 사가정로 229, 2층 (장안동)",한의원,127.07043813809594,37.57897927002839
"서울특별시 동대문구 망우로12길 1, 6층 (휘경동)",의원,127.059237392782,37.5889949170377
"서울특별시 동대문구 약령중앙로8길 10, 1층 (제기동)",한의원,127.0377496813,37.5815225295
"서울특별시 동대문구 약령중앙로 5, 2층 (제기동)",한의원,127.036583747228,37.5788373944495
서울특별시 동대문구 천호대로 145 (용두동),보건소,127.0402548147166,37.57468135062168
"서울특별시 동대문구 왕산로 143, 2층 (제기동)",치과의원,127.039245719345,37.5785867839247
서울특별시 동대문구 왕산로 131 (제기동),한의원,127.03804346286,37.5783964370568
서울특별시 동대문구 천호대로 289 (답십리동),한의원,127.053284511547,37.5668988918932
"서울특별시 동대문구 망우로 123, A동 2층 203호 (휘경동)",의원,127.06659655052,37.591711720367
"서울특별시 동대문구 왕산로 21, 민족통일대통령빌딩 3층 (신설동)",의원,127.025796515924,37.5768030967407
"서울특별시 동대문구 이문로 88, 2층 201, 202호 (이문동)",의원,127.059408344046,37.5946710804233
서울특별시 동대문구 답십리로 146-2 (답십리동),한의원,127.056297686858,37.5726664765531
서울특별시 동대문구 약령중앙로6길 9-1 (제기동),한의원,127.03767616221,37.5809860112832
"서울특별시 동대문구 답십리로 289, 기륭빌딩 2층 (장안동)",한의원,127.072438425548,37.5725258603826
서울특별시 동대문구 외대역동로 87 (이문동),한의원,127.065239674682,37.596050752761
"서울특별시 동대문구 장한로 25, 3층 (장안동)",한의원,127.06577851377,37.5638282144142
"서울특별시 동대문구 천호대로 307, 2층 201, 202호 (답십리동, 클래식타워)",의원,127.054762202414,37.5657983700541
"서울특별시 동대문구 사가정로 207, 삼협메디스빌딩 4층 401호 (장안동)",한의원,127.068016203955,37.5788925747579
"서울특별시 동대문구 고산자로 534, 204호 (제기동)",의원,127.039218485863,37.5883932941526
"서울특별시 동대문구 왕산로 81, 205호 (용두동)",치과의원,127.03240723146,37.578533087818
"서울특별시 동대문구 왕산로 21, 민족통일대통령빌딩 2층 201호 (신설동)",치과의원,127.025796515924,37.5768030967407
"서울특별시 동대문구 답십리로69길 55, 웰빙프라자 301층 (장안동)",의원,127.073314684596,37.5758584588275
"서울특별시 동대문구 장한로 14, 혜성클리닉 4층 (장안동)",치과의원,127.065754693542,37.5626109816786
"서울특별시 동대문구 이문로 136, 2층 F2-9,10,25호 (이문동, 이문동 웰츠타워)",치과의원,127.061872724933,37.5984809170412
"서울특별시 동대문구 휘경로 12-1, 3층 (이문동)",한의원,127.06140256497,37.5957325089141
"서울특별시 동대문구 이문로 136, F1-7, F1-8호 (이문동, 웰츠타워)",의원,127.061872724933,37.5984809170412
"서울특별시 동대문구 왕산로32길 7, 5층 (용두동, BYC청량리오피스텔)",의원,127.04179615724,37.5787296170106
"서울특별시 동대문구 왕산로 178, 4층 (전농동)",의원,127.043146161257,37.5793037852612
"서울특별시 동대문구 전농로 73-17, 2층 (답십리동)",치과의원,127.056192365869,37.5714005386636
"서울특별시 동대문구 망우로 60, 2층 (휘경동)",의원,127.060027858609,37.5891959795834
"서울특별시 동대문구 서울시립대로 50, 3층 (전농동)",치과의원,127.047621034272,37.5756385323789
서울특별시 동대문구 왕산로 4 (신설동),치과의원,127.024042802335,37.5756082077054
"서울특별시 동대문구 사가정로 80, 답십리 뉴타운 카운티 에비뉴 306~309호 (답십리동)",의원,127.054926569574,37.5752237850342
서울특별시 동대문구 왕산로 225 (청량리동),의원,127.047209103701,37.5821227010138
"서울특별시 동대문구 답십리로 266, 파워스빌딩 (장안동)",병원,127.069844464433,37.5722812717492
"서울특별시 동대문구 왕산로 127, 6층 (제기동)",치과의원,127.037540278546,37.5784474142127
"서울특별시 동대문구 고산자로 399 (용두동) 304,305호",의원,127.037769621436,37.5752762915537
서울특별시 동대문구 천호대로27길 10 (용두동),한의원,127.037517082477,37.57463468372
서울특별시 동대문구 한천로37길 19,기타,127.0665146913,37.5763201011
서울특별시 동대문구 천호대로83길 44 (장안동),병원,127.065546531255,37.5638839349002
"서울특별시 동대문구 황물로 42, 201,202,203호 (답십리동)",치과의원,127.046204557882,37.573327863786
서울특별시 동대문구 한천로 49 (답십리동),요양병원,127.061619144834,37.5665654319352
"서울특별시 동대문구 답십리로66길 88, 태광주택 2층 201호 (장안동)",한의원,127.06630266063,37.5690443265531
"서울특별시 동대문구 왕산로36길 6, 힐스테이트 청량리 더퍼스트 101동 208호 (전농동)",한의원,127.043474539053,37.579230143677
"서울특별시 동대문구 왕산로 225, 203-3호 (청량리동)",치과의원,127.047209103701,37.5821227010138
"서울특별시 동대문구 천호대로 281, 2층 (답십리동)",한의원,127.052209219835,37.5675757498172
"서울특별시 동대문구 천호대로 281, 2층 (답십리동)",한의원,127.052209219835,37.5675757498172
"서울특별시 동대문구 약령중앙로 19-1, 4층 (제기동)",한의원,127.036808592057,37.5800121305378
"서울특별시 동대문구 사가정로23가길 11, 3층 (장안동)",한의원,127.070549201395,37.580639556591
"서울특별시 동대문구 약령중앙로 13, 2,3층 (제기동)",한의원,127.036789292424,37.5794425282217
"서울특별시 동대문구 장한로 22, 2층 (장안동)",치과의원,127.066126699769,37.56321714445
"서울특별시 동대문구 고미술로 81, 3층 (답십리동)",의원,127.055721897581,37.5656002424883
"서울특별시 동대문구 왕산로 185, 4층 (청량리동)",한의원,127.043795202414,37.5800963307551
"서울특별시 동대문구 왕산로32길 7, 3층 (용두동)",의원,127.04179615724,37.5787296170106
"서울특별시 동대문구 왕산로 20, 3층 (신설동)",의원,127.025808519641,37.5761584326213
"서울특별시 동대문구 약령중앙로2길 2, 2층 (제기동)",한의원,127.037078956556,37.5786782144954
"서울특별시 동대문구 이문로 30, 3층 (휘경동)",의원,127.056453204298,37.5901844200243
"서울특별시 동대문구 고산자로 469, 1층 (제기동)",한의원,127.03828484118,37.5815283037163
"서울특별시 동대문구 한천로 89, 2층 (답십리동)",치과의원,127.063984681811,37.569580706757
"서울특별시 동대문구 약령시로 133, 1층 4층일부호 (청량리동)",의원,127.044745762835,37.5833853215255
"서울특별시 동대문구 약령시로 133, 2층 (청량리동)",의원,127.044745762835,37.5833853215255
"서울특별시 동대문구 이문로 114, 한국외국어대학교 글로벌홀 2층 (이문동)",의원,127.060682416152,37.5967350539561
"서울특별시 동대문구 약령중앙로2길 2, 2층 (제기동)",한의원,127.037078956556,37.5786782144954
"서울특별시 동대문구 왕산로 186, 청량리역 우남SL타워300 5층 503~507호 (전농동)",치과의원,127.044171994493,37.5793755754741
"서울특별시 동대문구 휘경로 13, 4,5층 (이문동)",의원,127.061743635095,37.5960166838474
"서울특별시 동대문구 답십리로 300, 4층 (장안동)",치과의원,127.073736162971,37.5719741886823
"서울특별시 동대문구 고산자로 406, 2층 (용두동)",의원,127.038579520544,37.5757971648836
"서울특별시 동대문구 서울시립대로 31, 102동 204호 (전농동)",치과의원,127.045864474612,37.5753105451014
"서울특별시 동대문구 망우로 123, 202호 (휘경동)",한의원,127.06659655052,37.591711720367
"서울특별시 동대문구 망우로 131, 2층 (휘경동)",치과의원,127.067427768295,37.5918475685303
서울특별시 동대문구 휘경로3길 4 (이문동),의원,127.062480944175,37.5957907777139
서울특별시 동대문구 약령시로 133 (청량리동),의원,127.044745762835,37.5833853215255
"서울특별시 동대문구 왕산로 45, 3층 301호 (용두동, KY TOWER)",의원,127.028342403596,37.5774146484823
서울특별시 동대문구 망우로 78 (휘경동),한의원,127.062022206819,37.5897577082906
서울특별시 동대문구 전농로 147   (전농동),의원,127.057268822936,37.5779860214922
"서울특별시 동대문구 장안벚꽃로 107, 207호 (장안동)",의원,127.075113657819,37.5710568281709
"서울특별시 동대문구 전농로 134, (전농동)",의원,127.057996432568,37.5768510443127
"서울특별시 동대문구 답십리로 255, 1층 (장안동)",한의원,127.068802685,37.5727616633
"서울특별시 동대문구 한천로58길 75-13, 303호 (이문동)",치과의원,127.068769452719,37.6007507501532
"서울특별시 동대문구 사가정로 122, 301호 (전농동)",치과의원,127.058517800585,37.5772114550055
"서울특별시 동대문구 사가정로25길 50, 3층 (장안동)",한의원,127.0710609330485,37.58099180493217
"서울특별시 동대문구 휘경로 13, (더305빌딩) 8층 (이문동)",의원,127.061743635095,37.5960166838474
"서울특별시 동대문구 이문로 125, 3층 (이문동)",의원,127.06091209001,37.5978850507988
"서울특별시 동대문구 장한로 129, 3층 (장안동)",치과의원,127.070930222624,37.5719953693996
서울특별시 동대문구 약령중앙로2길 13 (제기동),한의원,127.037654159708,37.5788846303513
서울특별시 동대문구 답십리로 276 (장안동),의원,127.070783003428,37.5721698002783
서울특별시 동대문구 무학로 132 (용두동),한의원,127.0307780463058,37.575996049889845
"서울특별시 동대문구 망우로 86, 3층 (휘경동)",의원,127.062841187253,37.5900532510613
서울특별시 동대문구 약령중앙로 8 (제기동),한의원,127.0369966376,37.5788738461
"서울특별시 동대문구 장한로 3, 승원빌딩 4층 (장안동)",치과의원,127.064573772246,37.5621355469546
"서울특별시 동대문구 왕산로 214, 803호 (전농동)",치과의원,127.05114503929,37.584197400389
"서울특별시 동대문구 망우로 74, 2층 (휘경동)",치과의원,127.061365936668,37.5895997469635
"서울특별시 동대문구 왕산로 86, 2층 204~207호 (용두동, 푸르지오시티오피스텔동)",의원,127.032477193881,37.5777504650845
"서울특별시 동대문구 이문로 119, 보인빌딩 4, 5층 (이문동)",의원,127.061872724933,37.5984809170412
서울특별시 동대문구 고산자로 473 (제기동),한의원,127.03829330387288,37.58191518761755
"서울특별시 동대문구 전농로 91, 2층 (답십리동)",의원,127.05713405448697,37.57305779203031
"서울특별시 동대문구 장한로25길 2 , 상미타워 7층  (장안동)",의원,127.071122094113,37.5718765929284
"서울특별시 동대문구 약령서1길 5, 2층 (제기동)",치과의원,127.036204348087,37.578761737821
서울특별시 동대문구 이문로 74 (이문동),의원,127.058567519797,37.5937132059813
서울특별시 동대문구 왕산로 123 (제기동),한의원,127.03715943611788,37.57842690195145
"서울특별시 동대문구 이문로 69, 2층 (이문동)",치과의원,127.057975538074,37.5934101343369
"서울특별시 동대문구 약령중앙로 14-4, 1, 2층 (제기동)",한의원,127.0373319911,37.5793855051
"서울특별시 동대문구 고산자로 449, (제기동)",한의원,127.03816540841136,37.57976726003692
"서울특별시 동대문구 왕산로 190, 청량리렉스프라임 2층 (전농동)",의원,127.044447176728,37.579515216337
서울특별시 동대문구 약령중앙로 8 (제기동),한의원,127.0371008049755,37.57886299786881
"서울특별시 동대문구 왕산로 225, 미주상가 A동 3층 12호, 15호 (청량리동)",의원,127.047209103701,37.5821227010138
서울특별시 동대문구 장한로32길 7 (장안동),요양병원,127.0725816495,37.5754695921
"서울특별시 동대문구 천호대로 313, 네모313빌딩 3층 (답십리동)",의원,127.055308303617,37.5654438438652
서울특별시 동대문구 휘경로3길 4 (이문동),치과의원,127.062480944175,37.5957907777139
"서울특별시 동대문구 약령중앙로 9, 2층 (제기동)",한의원,127.036511029987,37.5792248443783
"서울특별시 동대문구 전농로 94, 1층 (답십리동)",한의원,127.0577728468,37.5731820339
"서울특별시 동대문구 이문로 180, 1~2층 (이문동)",치과의원,127.062284621305,37.6026136344071
"서울특별시 동대문구 약령시로 126, 2층 (청량리동)",치과의원,127.043992283655,37.5829509655537
"서울특별시 동대문구 회기로 173, 2층 (회기동)",의원,127.055501670462,37.5905120215502
"서울특별시 동대문구 한천로 264, 3층 303, 304호 (휘경동)",치과의원,127.068314251007,37.5843095358408
서울특별시 동대문구 왕산로 129 (제기동),한의원,127.03787036659652,37.57839424023477
"서울특별시 동대문구 답십리로 83, 3층 (전농동)",한의원,127.050093692421,37.5748810340224
서울특별시 동대문구 답십리로 77 (전농동),한의원,127.0495874933,37.5751174885
"서울특별시 동대문구 답십리로 9, 5층 (전농동)",의원,127.043528549832,37.5784693244422
서울특별시 동대문구 망우로 82 (휘경동),종합병원,127.0653288266823,37.5879920013054
서울특별시 동대문구 망우로 82 (휘경동),치과병원,127.06355328121,37.5862119387672
서울특별시 동대문구 고산자로 435 (제기동),한의원,127.0381031188843,37.57860950291894
"서울특별시 동대문구 전농로 134, 1층 (전농동)",의원,127.057996432568,37.5768510443127
"서울특별시 동대문구 이문로54길 46, 2층 (이문동)",의원,127.064446861992,37.6054382486418
"서울특별시 동대문구 장한로 144, 3층 (장안동)",의원,127.072120365569,37.5731435969532
서울특별시 동대문구 장한로 144 (장안동),의원,127.072120365569,37.5731435969532
"서울특별시 동대문구 장한로 144, 2, 4층 (장안동)",의원,127.072120365569,37.5731435969532
서울특별시 동대문구 장한로 144 (장안동),의원,127.072120365569,37.5731435969532
"서울특별시 동대문구 장한로 139, 2층 (장안동)",치과의원,127.071425420868,37.5728968765918
서울특별시 동대문구 신이문로 37 (이문동),치과의원,127.066246891728,37.6031954987165
서울특별시 동대문구 전농로 102 1층  (답십리동),한의원,127.0579546384791,37.574021668089856
"서울특별시 동대문구 전농로 36, 답십리포레스트스퀘어 3층 301호 (답십리동)",치과의원,127.057406070901,37.5680105003259
"서울특별시 동대문구 장한로25길 2, 8층 (장안동)",치과의원,127.071122094113,37.5718765929284
"서울특별시 동대문구 사가정로 229, 2층 (장안동)",치과의원,127.070553264702,37.5789468572164
"서울특별시 동대문구 왕산로 117, 불로장생타워 6층 (제기동)",치과의원,127.036492900333,37.5784958557261
"서울특별시 동대문구 장한로 110, 힐스테이트 장안 센트럴 209~211호 (장안동)",치과의원,127.070844551789,37.5702242447318
"서울특별시 동대문구 천호대로 295 , 2층  (답십리동, 우창프라자아파트)",의원,127.053852977095,37.5664577767003
"서울특별시 동대문구 답십리로69길 8, 3층 (장안동)",치과의원,127.074020684384,37.5727149888064
"서울특별시 동대문구 답십리로 267, 3~5층 (장안동)",의원,127.070154714719,37.572251805454
"서울특별시 동대문구 장한로 10, 조광빌딩 (장안동)",의원,127.065497202,37.56235524179999
서울특별시 동대문구 왕산로 137 (제기동),병원,127.038731404679,37.5785692943084
"서울특별시 동대문구 천호대로 273, 4층 (답십리동)",의원,127.052048442916,37.5678368392544
"서울특별시 동대문구 답십리로 303, 2층 (장안동, 영일빌딩)",치과의원,127.074050602096,37.5724053882196
서울특별시 동대문구 고산자로 421 (용두동),요양병원,127.037921931259,37.5773865518063
"서울특별시 동대문구 장한로28가길 45, 3층 (장안동)",치과의원,127.07257242454,37.5750625285245
"서울특별시 동대문구 왕산로 171, 2,3층 (제기동, ), 왕산로 32길 7(용두동) 4층)",의원,127.0421004343,37.5794848121
"서울특별시 동대문구 사가정로 80, 답십리 뉴타운 카운티 에비뉴 4층 (답십리동)",의원,127.054926569574,37.5752237850342
서울특별시 동대문구 답십리로66길 95 (장안동),의원,127.0662225824,37.5686041451
"서울특별시 동대문구 전농로 102 (답십리동, 목련빌딩 101호)",의원,127.05794530456116,37.57404488935597
"서울특별시 동대문구 한천로 193, 동서울농협 장안동지점 4층 (장안동)",의원,127.0678838811574,37.57816455772015
"서울특별시 동대문구 신이문로 27, 3층 (이문동)",치과의원,127.065295029716,37.603158367782
"서울특별시 동대문구 이문로 88, 4층 401,402호 (이문동, 민족통일 대통령 빌딩)",의원,127.0594064196,37.59467171210001
"서울특별시 동대문구 왕산로 86, 2층 201, 202, 203호 (용두동, 푸르지오시티오피스텔동)",치과의원,127.032477193881,37.5777504650845
"서울특별시 동대문구 장한로 170, 4층 (장안동)",의원,127.07227329374643,37.57544631600188
"서울특별시 동대문구 왕산로 171, 4층 (제기동)",의원,127.0421004343,37.5794848121
"서울특별시 동대문구 휘경로 6, 사이버한국외국어대학교 제2교사 4층 (이문동)",의원,127.060749918639,37.5960557619287
"서울특별시 동대문구 천호대로 295, 3층 3호, 6-1호 (답십리동)",의원,127.0537972222222,37.56646111111111
"서울특별시 동대문구 왕산로 259, 서울성심병원 (청량리동)",종합병원,127.04983805981972,37.58419129209865
"서울특별시 동대문구 회기로 188, 3층 (휘경동)",치과의원,127.056819059329,37.5897666345711
서울특별시 동대문구 고산자로 379 (용두동),요양병원,127.037720235728,37.5736476693503
"서울특별시 동대문구 사가정로 207, 3층 302호 (장안동, 삼협메디스빌딩)",치과의원,127.0680158642,37.5788924849
"서울특별시 동대문구 왕산로 176, 7층 (전농동)",의원,127.04291512288316,37.57920115810006
"서울특별시 동대문구 이문로 188, 2,3층 (이문동)",의원,127.062236443108,37.6033702213214
서울특별시 동대문구 장한로 22 (장안동),의원,127.066126699769,37.56321714445
"서울특별시 동대문구 사가정로 111-2, 2층 (전농동)",치과의원,127.057197607054,37.5775310539915
"서울특별시 동대문구 사가정로25길 66, 3층 (장안동)",치과의원,127.07120143466987,37.58170340473772
"서울특별시 동대문구 장한로 3, 2층, 3층 (장안동)",의원,127.064573772246,37.5621355469546
"서울특별시 동대문구 망우로 123, 4층 (휘경동)",치과의원,127.0665963248667,37.591712621492064
"서울특별시 동대문구 왕산로 185, 3층 (청량리동)",치과의원,127.043795202414,37.5800963307551
"서울특별시 동대문구 사가정로 122, 207, 208호 (전농동)",의원,126.837894790687,37.5301745162122
"서울특별시 동대문구 휘경로 23, 2층 (이문동)",치과의원,127.062610736569,37.5955512254331
"서울특별시 동대문구 장한로 12, 2층 (장안동)",치과의원,127.065675484514,37.5625047081908
"서울특별시 동대문구 전농로 211, 6층 (전농동)",치과의원,127.053541589111,37.5830564911453
"서울특별시 동대문구 망우로 46, 상가동 3101~3106호 (휘경동)",치과의원,127.058791788697,37.5887655669609
"서울특별시 동대문구 전농로 24, 2층 (답십리동, 계림빌딩)",치과의원,127.05688519580484,37.56701605322286
"서울특별시 동대문구 고산자로 476 , 2층  (제기동)",의원,127.03889333663,37.5821360952478
"서울특별시 동대문구 이문로 29, 3층 (회기동)",한의원,127.055929972302,37.5903156733807
"서울특별시 동대문구 장한로25길 2, 5층 (장안동)",치과의원,127.07112017043092,37.57187731488936
"서울특별시 동대문구 정릉천동로 102, 지하1층~지상4층 (제기동)",병원,127.036023592372,37.5814263021675
"서울특별시 동대문구 이문로 30, 2층 (휘경동)",의원,127.056453204298,37.5901844200243
서울특별시 동대문구 이문로 30 (휘경동),치과의원,127.0561611111111,37.590066666666665
"서울특별시 동대문구 휘경로 12-1, 4층 (이문동)",치과의원,127.06141383551784,37.59578070322635
"서울특별시 동대문구 왕산로 186, 청량리역 우남SL타워300 305-307호 (전농동)",치과의원,127.044171994493,37.5793755754741
"서울특별시 동대문구 천호대로 265, 2층 (답십리동)",한의원,127.05137596406992,37.568294385017786
"서울특별시 동대문구 이문로 98, 3층 (이문동)",의원,127.059872491157,37.5955267877692
서울특별시 동대문구 약령서1길 22 (제기동),한의원,127.0365078853,37.579508298
서울특별시 동대문구 고산자로36길 3 (제기동),한의원,127.0394148518826,37.57946181771969
"서울특별시 동대문구 장안벚꽃로 107, 209호 (장안동, 현대홈타운상가)",한의원,127.07439727816416,37.57110947241456
"서울특별시 동대문구 고산자로 410, 2,3층 (용두동)",의원,127.038769042278,37.5762685931865
"서울특별시 동대문구 홍릉로 59, 2층, 3층 (청량리동)",의원,127.043249910878,37.5854566316203
"서울특별시 동대문구 왕산로26길 4, 1층 (용두동)",의원,127.03630784165247,37.57787215456644
"서울특별시 동대문구 한천로 60, 2층 (장안동)",의원,127.06256224752,37.5669741682164
"서울특별시 동대문구 한천로 60, 2, 4층 (장안동)",한의원,127.06255490315776,37.5669897593406
"서울특별시 동대문구 왕산로 185, 3층 (청량리동)",의원,127.043795202414,37.5800963307551
"서울특별시 동대문구 왕산로 60-1, 1층 101호 (용두동)",의원,127.030147090815,37.5772849087226
"서울특별시 동대문구 답십리로 64, 2,3층 (전농동)",의원,127.048082243179,37.5754876991506
서울특별시 동대문구 답십리로56길 21 (답십리동),의원,127.059860257139,37.5700693174412
"서울특별시 동대문구 사가정로25가길 3, 2층 (장안동)",의원,127.071094776263,37.5812441563495
"서울특별시 동대문구 장한로 119, 308호 (장안동)",의원,127.070212938267,37.571449705126
"서울특별시 동대문구 망우로 19, 2층 (휘경동)",의원,127.055465821895,37.5881303552149
"서울특별시 동대문구 고산자로 441, 1층 (제기동)",한의원,127.0380065057,37.5789636247
"서울특별시 동대문구 답십리로 140, 세기프라자 2층 204, 205일부호 (답십리동)",의원,127.055597303756,37.5724894025765
서울특별시 동대문구 무학로 121 (용두동),한의원,127.03039277039215,37.57505911534756
"서울특별시 동대문구 왕산로 186, 청량리역 우남SL타워300 308, 309호 (전농동)",한의원,127.04712233351924,37.58204579084568
서울특별시 동대문구 홍릉로 41-1 (청량리동),한의원,127.04371065382696,37.58396756740057
"서울특별시 동대문구 장한로25길 2, 3층 (장안동)",한의원,127.071122094113,37.5718765929284
서울특별시 동대문구 사가정로 214 (장안동),의원,127.0687581458,37.5784920135
"서울특별시 동대문구 천호대로 273, 10층 (답십리동)",치과의원,127.052048442916,37.5678368392544
"서울특별시 동대문구 왕산로 81, 2층 206, 207호 (용두동, 두산베어스타워)",한의원,127.0324092691,37.578532817
"서울특별시 동대문구 약령중앙로 46, 2층 (제기동, 소창빌딩)",한의원,127.03738327366948,37.58232633236504
서울특별시 동대문구 장한로25길 2  (장안동),의원,127.0711201704,37.5718773149
"서울특별시 동대문구 고산자로 399, 1, 4, 5층 (용두동)",의원,127.03773637357264,37.5753435163863
"서울특별시 동대문구 사가정로 122, 302호 (전농동)",의원,127.0585228190125,37.57726654194662
"서울특별시 동대문구 사가정로 225, 2층 (장안동)",의원,127.07011659439978,37.57894341783909
"서울특별시 동대문구 천호대로 295, 208호 (답십리동)",의원,127.05385128002388,37.56645885867553
"서울특별시 동대문구 답십리로 305, 2층 (장안동)",의원,127.07447097147504,37.57238882939841
"서울특별시 동대문구 사가정로 207, 5층 (장안동)",의원,127.06813769428642,37.57891571954174
"서울특별시 동대문구 왕산로 117, 불로장생타워 6층전체 (제기동)",한의원,127.036492900333,37.5784958557261
"서울특별시 동대문구 사가정로 80 , 4층  (답십리동)",의원,127.054926569574,37.5752237850342
"서울특별시 동대문구 장한로 139, 한성빌딩 3층 (장안동)",의원,127.071425420868,37.5728968765918
"서울특별시 동대문구 이문로 125, 4층 (이문동)",의원,127.0609603284082,37.59785862408932
"서울특별시 동대문구 제기로 75-1, 1층 (청량리동)",의원,127.0415747092,37.58685152
"서울특별시 동대문구 천호대로 2, 3층 (신설동)",치과의원,127.023557307449,37.5750052699082
"서울특별시 동대문구 천호대로 425, 5층 (장안동)",한의원,127.06632944117088,37.56156009434381
서울특별시 동대문구 천호대로 2 (신설동),치과병원,127.023557307449,37.5750052699082
"서울특별시 동대문구 한천로 207, 지하1,지상1,3~6층 (전농동)",요양병원,127.068137023958,37.579542482041
서울특별시 동대문구 이문로 133-1 (이문동),의원,127.061285484092,37.5986360136685
서울특별시 동대문구 왕산로 123 (제기동),한의원,127.0371277674931,37.57844492813644
"서울특별시 동대문구 망우로 67, 2층 (휘경동)",치과의원,127.060610064015,37.5899007986358
"서울특별시 동대문구 이문로12길 3-9, 3층 (이문동)",치과의원,127.058886641671,37.5939027960425
"서울특별시 동대문구 답십리로 140, 3층 303,304호 (답십리동, 세기프라자)",의원,127.055597303756,37.5724894025765
"서울특별시 동대문구 왕산로28길 43, 천수빌딩 지하1,1,2층 (용두동)",한의원,127.0390918454341,37.57615937631518
"서울특별시 동대문구 장한로 119, 3층 (장안동)",한의원,127.07018669592772,37.57145076783173
"서울특별시 동대문구 왕산로 127, 3층 (제기동, 경동대성빌딩)",한의원,127.0375398262,37.5784484055
"서울특별시 동대문구 왕산로 214, 청량리역,롯데백화점 7~8층 (전농동)",의원,127.05114707633,37.5841961381161
"서울특별시 동대문구 답십리로 64, 4층 (전농동)",치과의원,127.048082243179,37.5754876991506
"서울특별시 동대문구 장안벚꽃로 107, 상가동 2층 215호 (장안동, 장안현대홈타운)",의원,127.075113657819,37.5710568281709
"서울특별시 동대문구 이문로 96, 2층 (이문동)",치과의원,127.059704288034,37.5953217172312
"서울특별시 동대문구 천호대로 393, 2층 (장안동)",치과의원,127.062743676063,37.5622313185398
"서울특별시 동대문구 장한로 119, 3층 (장안동)",치과의원,127.070212938267,37.571449705126
"서울특별시 동대문구 고산자로 399, 3층 (용두동)",의원,127.037769621436,37.5752762915537
"서울특별시 동대문구 왕산로32길 7, BYC 청량리 오피스텔 5층, 6층 (용두동)",의원,127.04179615724,37.5787296170106
"서울특별시 동대문구 무학로 197, 2층 (용두동)",의원,127.02940253999,37.5819106191006
"서울특별시 동대문구 약령시로 18, 1층 (제기동, 정주빌딩)",한의원,127.0317951387,37.582583852
"서울특별시 동대문구 왕산로 225, 2,3층 (청량리동, 미주상가A동)",의원,127.047209103701,37.5821227010138
"서울특별시 동대문구 왕산로 207, 3층 (청량리동)",의원,127.045777650075,37.580862053993
"서울특별시 동대문구 장안벚꽃로 107, 210호 (장안동, 현대홈타운상가)",치과의원,127.07433073260488,37.57100137192875
"서울특별시 동대문구 왕산로 123, 1층 (제기동)",한의원,127.037160568378,37.5784272619867
"서울특별시 동대문구 홍릉로 5, 2층 (청량리동)",의원,127.0447322298,37.5808245229
서울특별시 동대문구 고산자로 435 (제기동),한의원,127.03812842986753,37.5787053948401
"서울특별시 동대문구 장한로 124, 4층 (장안동)",의원,127.0715040279975,37.57140631313631
"서울특별시 동대문구 휘경로 6, 사이버한국외국어대학교 제2교사 2층 (이문동)",치과의원,127.0609432448534,37.59637560427223
"서울특별시 동대문구 장한로32길 7, 장안동의료시설 (장안동)",병원,127.072583233437,37.5754686901664
"서울특별시 동대문구 전농로 22, 2층 (답십리동)",치과의원,127.0567129081,37.5667025896
"서울특별시 동대문구 전농로 102, 3층 (답십리동)",치과병원,127.057855083646,37.5739827977728
"서울특별시 동대문구 사가정로 148, 138동 407, 408호 (전농동)",치과의원,127.06074968218437,37.57765397707157
"서울특별시 동대문구 왕산로 176, 4층 (전농동)",의원,127.043012785781,37.5792781556077
"서울특별시 동대문구 장한로 166, 2층 (장안동)",한의원,127.0722507712311,37.57513462518717
"서울특별시 동대문구 고산자로 420, 경동플라자 1층 7호, 32호 (용두동)",한의원,127.0389023516,37.57748570259999
"서울특별시 동대문구 전농로10길 20 , 청솔우성아파트상가 210~211호  (답십리동, 답십리청솔우성아파트)",의원,127.060129124176,37.5746094744702
"서울특별시 동대문구 사가정로 148 , SK아파트주상가 310-1,310-2호  (전농동, 전농 SK아파트)",의원,127.061567688813,37.5766590358858
"서울특별시 동대문구 왕산로 239, 3층 331-335호 (청량리동)",치과의원,127.048169864241,37.5830461915113
"서울특별시 동대문구 답십리로 298, 2층 (장안동)",한의원,127.07356085314768,37.57200916655907
"서울특별시 동대문구 장한로25길 3, 7층 (장안동)",의원,127.070917166801,37.5715971374684
"서울특별시 동대문구 답십리로 298, 2층 (장안동)",의원,127.073563117911,37.5720099760372
"서울특별시 동대문구 답십리로 287, 2층 (장안동)",치과의원,127.07232049628236,37.57269287043213
"서울특별시 동대문구 천호대로 307, 3층 (답십리동)",치과의원,127.05470203857271,37.56584218217605
서울특별시 동대문구 한천로 85 (답십리동),치과의원,127.06370548971822,37.56924874103768
"서울특별시 동대문구 사가정로 148, 3층 (전농동, SK아파트상가)",의원,127.061567688813,37.5766590358858
"서울특별시 동대문구 왕산로 151, 4층 (제기동)",치과의원,127.040174173148,37.5788570401089
"서울특별시 동대문구 왕산로 200, 5층 507~510호 (전농동)",의원,127.04616117771,37.5798901828732
"서울특별시 동대문구 이문로 23-1, 운경빌딩 4층 (회기동)",치과의원,127.055328706401,37.5899622272059
"서울특별시 동대문구 서울시립대로 92, 2층 (전농동)",의원,127.05014008203,37.5788979171063
"서울특별시 동대문구 안암로 20, 2층 (용두동)",치과의원,127.024981260458,37.5793300201067
"서울특별시 동대문구 신이문로 27, 2층 (이문동)",의원,127.065295029716,37.603158367782
"서울특별시 동대문구 약령시로 2, 2층 (제기동)",의원,127.030170932926,37.5825053512277
"서울특별시 동대문구 장한로 39, 3층 (장안동)",의원,127.066529832403,37.5648350170019
"서울특별시 동대문구 답십리로 293, 2층 (장안동)",치과의원,127.073032679501,37.5724831474925
"서울특별시 동대문구 사가정로 80, 답십리 뉴타운 카운티 에비뉴 4층 (답십리동)",치과의원,127.054926569574,37.5752237850342
"서울특별시 동대문구 왕산로 225 , 미주상가 A동 309호  (청량리동)",의원,127.047209103701,37.5821227010138
"서울특별시 동대문구 고산자로34길 70, 청량리역 해링턴플레이스 204~207호 (용두동)",치과의원,127.042196782039,37.5782923121696
서울특별시 동대문구 망우로 76 (휘경동),치과의원,127.061653878029,37.5897492517301
"서울특별시 동대문구 답십리로 130 , 래미안위브아파트 301동 지층 상가  (답십리동, 래미안위브)",의원,127.052401156065,37.5728549565736
"서울특별시 동대문구 장한로 140, 4층 (장안동)",치과의원,127.07215347959392,37.57285336630776
"서울특별시 동대문구 왕산로 21, 민족통일대통령빌딩 4층 401호 (신설동)",의원,127.025796515924,37.5768030967407
"서울특별시 동대문구 천호대로 133, 홈플러스 동대문점 지하2층 (용두동)",치과의원,127.03875592857838,37.57451606918927
"서울특별시 동대문구 천호대로 313, 2층 (답십리동)",치과의원,127.055308303617,37.5654438438652
"서울특별시 동대문구 답십리로 309, 2층 (장안동)",치과의원,127.074804796028,37.5723544570231
서울특별시 동대문구 천호대로 425 (장안동),치과의원,127.066468745001,37.5618156326667
"서울특별시 동대문구 신이문로 41, 2층 (이문동)",의원,127.06672430369689,37.60316009116102
"서울특별시 동대문구 왕산로32길 7, 4층 (용두동)",의원,127.04179660921798,37.57872808516668
서울특별시 동대문구 왕산로 225  (청량리동),한의원,127.0472101215,37.5821209887
"서울특별시 동대문구 휘경로 39, 2층 (이문동)",치과의원,127.064273464123,37.5948915267761
서울특별시 동대문구 한천로 4 (장안동),병원,127.058553733243,37.5632449294324
"서울특별시 동대문구 한천로 4, 3층 (장안동)",치과의원,127.058553733243,37.5632449294324
"서울특별시 동대문구 답십리로 252, 2층 (장안동)",치과의원,127.0682224711193,37.57242496060432
서울특별시 동대문구 약령중앙로2길 2 (제기동),한의원,127.03710522959568,37.578653965854144
"서울특별시 동대문구 고산자로 476, 2층 (제기동)",치과의원,127.03889333663,37.5821360952478
"서울특별시 동대문구 약령시로 3, 2층 (제기동)",치과의원,127.030122143894,37.5828020608309
"서울특별시 동대문구 왕산로 185, 2층 (청량리동)",의원,127.043795202414,37.5800963307551
"서울특별시 동대문구 망우로 86, 4층 (휘경동)",치과의원,127.062841187253,37.5900532510613
"서울특별시 동대문구 신이문로 40, 2층 (이문동)",의원,127.06649755481122,37.60287055078536
"서울특별시 동대문구 왕산로 179, 2층 (제기동)",의원,127.04296101230256,37.579769212543454
"서울특별시 동대문구 답십리로 9, 2, 3층 (전농동)",의원,127.043528549832,37.5784693244422
"서울특별시 동대문구 장한로 119, 3층 318~320호 (장안동, 장안삼성쉐르빌)",의원,127.070212938267,37.571449705126
"서울특별시 동대문구 왕산로 143, 2층 (제기동)",한의원,127.039245719345,37.5785867839247
"서울특별시 동대문구 천호대로 313, 네모313빌딩 2층 (답십리동)",의원,127.055308303617,37.5654438438652
"서울특별시 동대문구 왕산로 200, 5층 519-525호 (전농동)",의원,127.04616117771,37.5798901828732
"서울특별시 동대문구 왕산로32길 7, BYC 청량리 오피스텔 5층 (용두동)",의원,127.04179615724,37.5787296170106
서울특별시 동대문구 왕산로 61 (용두동),의원,127.0300407463821,37.5780216788089
서울특별시 동대문구 천호대로 295 (답십리동),의원,127.053852977095,37.5664577767003
"서울특별시 동대문구 한천로 479, 2층 (이문동)",한의원,127.0670280398,37.6034252607
"서울특별시 동대문구 고산자로 564, 2층 (제기동)",치과의원,127.036733750679,37.5896704394854
"서울특별시 동대문구 이문로 29, 2층 (회기동)",치과의원,127.055929972302,37.5903156733807
"서울특별시 동대문구 한천로2길 107, 3층 (장안동, 형인타워)",치과의원,127.064533081493,37.5624620903158
"서울특별시 동대문구 약령중앙로 10-13, 1층 (제기동, 약령중앙로 10-20)",한의원,127.03754000374032,37.579231752075145
서울특별시 동대문구 고산자로 435 (제기동),치과의원,127.0381192956447,37.57854682400454
"서울특별시 동대문구 한천로 55, 영진빌딩 2층 (답십리동)",치과의원,127.061880899304,37.5669101962131
"서울특별시 동대문구 고산자로 399 , 동양프라자 201호  (용두동)",의원,127.037769621436,37.5752762915537
"서울특별시 동대문구 전농로 36, 답십리포레스트스퀘어 4층 401호 (답십리동)",의원,127.057406070901,37.5680105003259
"서울특별시 동대문구 서울시립대로 41, 1~3층 (전농동)",의원,127.046558174576,37.5752936952518
"서울특별시 동대문구 이문로 194, 1층 (이문동)",치과의원,127.062239738756,37.6039277522774
"서울특별시 동대문구 왕산로 151, 왕산빌딩 3층 (제기동)",의원,127.040174173148,37.5788570401089
서울특별시 동대문구 천호대로 425 (장안동),의원,127.066468745001,37.5618156326667
서울특별시 동대문구 약령중앙로2길 10 (제기동),한의원,127.0374357811813,37.57866107309525
"서울특별시 동대문구 약령중앙로 30, 1층 (제기동)",한의원,127.03725238170688,37.580929833679775
"서울특별시 동대문구 고미술로 81, 2층 201호 (답십리동)",의원,127.055721897581,37.5656002424883
"서울특별시 동대문구 장한로18길 59, 3층 (장안동)",치과의원,127.072300681193,37.5678614926551
"서울특별시 동대문구 전농로 148, 1층 (전농동)",의원,127.057656846305,37.5782125227182
"서울특별시 동대문구 왕산로 167, 1층 (제기동)",의원,127.041688877935,37.5794148608588
"서울특별시 동대문구 천호대로 405, 동보빌딩 5층 (장안동)",치과의원,127.064178204478,37.5620134073184
"서울특별시 동대문구 왕산로32길 7, 2층 (용두동, BYC 청량리 오피스텔)",치과의원,127.04179615724,37.5787296170106
"서울특별시 동대문구 한천로 62, 3층 (장안동)",의원,127.06275316384088,37.56720048712357
서울특별시 동대문구 고산자로 441 (제기동),한의원,127.03802467831451,37.5790392987237
서울특별시 동대문구 전농로 134 (전농동),치과의원,127.057996432568,37.5768510443127
"서울특별시 동대문구 답십리로 305, 2층 (장안동)",한의원,127.074433539605,37.5723906413801
"서울특별시 동대문구 약령시로 108, 2층 (제기동)",의원,127.043992283655,37.5829509655537
"서울특별시 동대문구 이문로 131, 2층 (이문동)",의원,127.061181910084,37.5984075761066
"서울특별시 동대문구 사가정로 35, 2층 (답십리동)",치과의원,127.051064745985,37.572560556475
"서울특별시 동대문구 무학로26길 16, 상가동 2층 (용두동, 신동아아파트)",치과의원,127.031755527083,37.5732856027865
"서울특별시 동대문구 휘경로 49, 2층 (휘경동)",의원,127.065225873669,37.5946393573768
"서울특별시 동대문구 천호대로 295, 304호일부, 309호 (답십리동, 우창프라자아파트)",치과의원,127.053852977095,37.5664577767003
"서울특별시 동대문구 휘경로 15, 3층 (이문동)",치과의원,127.0634152995,37.5951922013
서울특별시 동대문구 천호대로 20 (신설동),병원,127.025164225873,37.5743400943334
"서울특별시 동대문구 홍릉로 65, 4층 &#40;청량리동&#41;",치과의원,127.043096149072,37.5860271965908
"서울특별시 동대문구 고산자로 406, 305호 (용두동)",치과의원,127.038579520544,37.5757971648836
"서울특별시 동대문구 장한로 22, 2층 (장안동)",의원,127.06610918232356,37.56322345696481
서울특별시 동대문구 왕산로 225 (청량리동),의원,127.04726862920894,37.58210433147804
"서울특별시 동대문구 제기로 84, 2층 (청량리동)",의원,127.04174209557948,37.58649106052319
"서울특별시 동대문구 휘경로 13, 6,7층 (이문동)",치과의원,127.061743635095,37.5960166838474
"서울특별시 동대문구 사가정로 230, 2층 (장안동)",한의원,127.07036578286449,37.57857756162594
"서울특별시 동대문구 휘경로3길 4, 2층 (이문동)",의원,127.06238649671155,37.59577884449472
"서울특별시 동대문구 망우로21길 12, 2층 (휘경동)",한의원,127.06260453782754,37.59054863602726
"서울특별시 동대문구 사가정로25길 66, 2층 (장안동)",의원,127.0712427211873,37.58167284647834
"서울특별시 동대문구 왕산로 176, 3층 (전농동)",의원,127.04291541175986,37.57921782083895
"서울특별시 동대문구 사가정로 148, 302~4, 314호 (전농동)",의원,127.0590938425962,37.57741605413306
서울특별시 동대문구 사가정로 207 (장안동),의원,127.06797971384609,37.578953769664864
"서울특별시 동대문구 장한로 53, 2층 (장안동)",치과의원,127.067295411243,37.5659433487373
"서울특별시 동대문구 한천로 196, 2층 (장안동)",의원,127.068366653594,37.5778529856705
서울특별시 동대문구 고산자로 445-1 (제기동),한의원,127.037970540562,37.57947900483215
"서울특별시 동대문구 사가정로 148, 301호 (전농동, SK아파트스포츠상가동)",치과의원,127.061567688813,37.5766590358858
서울특별시 동대문구 회기로 150 (회기동),한의원,127.0529180271,37.5912510306
"서울특별시 동대문구 약령동길 27, 1층 (제기동)",한의원,127.03773964621978,37.57954394682422
"서울특별시 동대문구 이문로 23-1, 3층 (회기동)",치과의원,127.055328706401,37.5899622272059
서울특별시 동대문구 답십리로 250 (장안동),치과의원,127.06787119865,37.5724234284023
"서울특별시 동대문구 답십리로 162-1, 2층 (답십리동)",한의원,127.05803937985308,37.57270417496358
"서울특별시 동대문구 왕산로 183, 2층 (청량리동)",의원,127.043578527298,37.5799193656574
"서울특별시 동대문구 약령중앙로 72-2, 403, 404호 (제기동)",한의원,127.03770147242793,37.58470485347834
"서울특별시 동대문구 전농로 91, 2층 (답십리동)",의원,127.057022081587,37.5733020510431
"서울특별시 동대문구 장한로 29, 3층 (장안동)",치과의원,127.066066875031,37.5641711527487
"서울특별시 동대문구 장안벚꽃로 107, 상가1동 310, 311호 (장안동, 장안현대홈타운)",의원,127.075113657819,37.5710568281709
"서울특별시 동대문구 사가정로 226, 2층 (장안동)",의원,127.070007470242,37.57856876472
서울특별시 동대문구 장한로 180 (장안동),의원,127.072389692119,37.5764423333704
"서울특별시 동대문구 답십리로 273, 한양빌딩 6층, 7층 (장안동)",의원,127.070822317885,37.5726844249689
"서울특별시 동대문구 천호대로 427-4, (장안동)",의원,127.066763608282,37.5618398833013
"서울특별시 동대문구 장한로 6, 3층 (장안동)",의원,127.065381587381,37.5619048977678
"서울특별시 동대문구 장한로 10, 조광빌딩 4층 (장안동)",의원,127.065498788097,37.5623569528356
"서울특별시 동대문구 한천로 186, 2층 (장안동)",한의원,127.06828175762172,37.57746875716993
"서울특별시 동대문구 사가정로 109, 101호 (전농동)",의원,127.05690690955,37.5772564813608
"서울특별시 동대문구 장한로 119, 322호 (장안동, 장안삼성쉐르빌)",의원,127.070212938267,37.571449705126
서울특별시 동대문구 왕산로 225  (청량리동),의원,127.047209103701,37.5821227010138
서울특별시 동대문구 천호대로 295 (답십리동),의원,127.053852977095,37.5664577767003
"서울특별시 동대문구 서울시립대로2길 71-18, 1층 (답십리동, 샤인파크빌)",의원,127.05008859665185,37.57285037424969
"서울특별시 동대문구 약령중앙로 7-4, 3층 (제기동)",기타,127.0365619828,37.5790109326
"서울특별시 동대문구 휘경로 15, 4층 (이문동)",의원,127.061962760963,37.5959001609367
서울특별시 동대문구 답십리로 304 (장안동),한의원,127.07417647610514,37.571810558565474
"서울특별시 동대문구 망우로 74, 2층 (휘경동)",한의원,127.06136797486634,37.58959992610813
"서울특별시 동대문구 홍릉로 36-2, 2층 (청량리동)",치과의원,127.04429917667728,37.58362497055955
"서울특별시 동대문구 한천로 85, 2층 (답십리동)",한의원,127.06361062527525,37.5692182542407
"서울특별시 동대문구 왕산로 123, 4, 5층 (제기동)",의원,127.037160568378,37.5784272619867
"서울특별시 동대문구 천호대로25길 81, 랜드마크타워1 205~207호 (용두동)",치과의원,127.033954574721,37.5778124882836
"서울특별시 동대문구 사가정로 230, 3층 (장안동)",치과의원,127.070366008518,37.5785767505909
"서울특별시 동대문구 왕산로 178, 3층 (전농동)",치과의원,127.04314128805365,37.57929477710896
"서울특별시 동대문구 휘경로 42, 2층 (휘경동)",치과의원,127.064317773941,37.5945383139746
"서울특별시 동대문구 이문로 37, 308호 (회기동, 한일베라체캠퍼스)",치과의원,127.05627776793136,37.59092294620277
서울특별시 동대문구 약령중앙로2길 5 (제기동),한의원,127.037254758974,37.57888457688184
서울특별시 동대문구 사가정로13길 3 (전농동),의원,127.057938659665,37.5781169694689
서울특별시 동대문구 전농로 110 (답십리동),의원,127.057992394709,37.5747098330695
"서울특별시 동대문구 한천로 101, 2층 (답십리동)",의원,127.064620254835,37.5704800944505
"서울특별시 동대문구 한천로 189, 2층 (장안동)",치과의원,127.06785189956972,37.577829402674986
서울특별시 동대문구 장한로 129 (장안동),의원,127.070930222624,37.5719953693996
"서울특별시 동대문구 사가정로 127, 2층 (전농동)",치과의원,127.059018838805,37.5779124493113
"서울특별시 동대문구 사가정로 207, 204, 205호 (장안동)",의원,127.068016203955,37.5788925747579
"서울특별시 동대문구 홍릉로 3, 4층 (청량리동)",치과의원,127.0447808023547,37.58064340479658
"서울특별시 동대문구 한천로18길 29, 2층 (장안동)",한의원,127.0633312009322,37.56542701864677
"서울특별시 동대문구 천호대로 281, 2층 (답십리동)",치과의원,127.05275610349044,37.56730786574147
"서울특별시 동대문구 망우로 131, 3층 (휘경동)",치과의원,127.06742980778836,37.59184909905722
"서울특별시 동대문구 답십리로 267, 6층 (장안동)",의원,127.070072727815,37.5727019911814
"서울특별시 동대문구 천호대로 273, 경원빌딩 10층 3호 (답십리동)",의원,127.052048442916,37.5678368392544
서울특별시 동대문구 왕산로 74-1 (용두동),치과의원,127.03161196288028,37.57777619809566
서울특별시 동대문구 천호대로 421 (장안동),병원,127.065927224471,37.561626817119
"서울특별시 동대문구 장한로26길 50, 2층 &#40;장안동&#41;",한의원,127.0741986938095,37.57138527495547
"서울특별시 동대문구 이문로54길 6, 1, 2, 3층 (이문동)",한의원,127.06253120819532,37.60495220160459
"서울특별시 동대문구 휘경로 15, 2층 (이문동)",한의원,127.061962760963,37.5959001609367
"서울특별시 동대문구 답십리로72길 34, 2층 (장안동)",한의원,127.0737044897,37.570733268
"서울특별시 동대문구 답십리로 151, 2층 (답십리동)",의원,127.056912682497,37.5730908205504
"서울특별시 동대문구 망우로 123, 2층 (휘경동, 휘경메디컬프라자)",의원,127.06659655052,37.591711720367
"서울특별시 동대문구 전농로 102, 301호 (답십리동)",의원,127.057855083646,37.5739827977728
"서울특별시 동대문구 천호대로 429, 5층 (장안동)",치과의원,127.0667550527,37.5615112046
서울특별시 동대문구 고산자로 459 (제기동),한의원,127.03818398998358,37.58064301644247
서울특별시 동대문구 답십리로 261 (장안동),병원,127.069359147079,37.572732776108
서울특별시 동대문구 왕산로 238 (전농동),한의원,127.04851002275808,37.58244121535869
"서울특별시 동대문구 휘경로3길 4, 4층 (이문동)",한의원,127.06246919471606,37.595798169203285
"서울특별시 동대문구 왕산로 185, 2층 (청량리동)",한의원,127.04380960895908,37.57995225650403
"서울특별시 동대문구 천호대로2길 7, 5층 (신설동)",한의원,127.02421173962765,37.57461004750652
"서울특별시 동대문구 왕산로 179, 1층 (제기동)",의원,127.042953862107,37.5797739940038
"서울특별시 동대문구 답십리로 273, 한양빌딩 3층 (장안동)",의원,127.070822317885,37.5726844249689
"서울특별시 동대문구 왕산로32길 7, BYC 청량리 오피스텔 6층 (용두동)",의원,127.04179615724,37.5787296170106
"서울특별시 동대문구 홍릉로 5, 1,4층 (청량리동)",한의원,127.04473222978004,37.580824522947495
"서울특별시 동대문구 왕산로 147, 경동시장 2층 (제기동)",의원,127.03965869498,37.5787842338973
"서울특별시 동대문구 왕산로 179, 2층 2호 (제기동)",치과의원,127.042953862107,37.5797739940038
"서울특별시 동대문구 홍릉로 19, 2층 (청량리동)",치과의원,127.0443208569,37.5820356135
"서울특별시 동대문구 왕산로 168, 10층 (용두동)",치과의원,127.0421860934,37.5788108381
"서울특별시 동대문구 왕산로 236, 1층 (전농동)",의원,127.048396283994,37.5823304398459
"서울특별시 동대문구 왕산로 168, 9층 (용두동)",의원,127.042185074387,37.5788105681301
"서울특별시 동대문구 왕산로32길 7, BYC 청량리 오피스텔 201호 (용두동)",한의원,127.04179615724,37.5787296170106
"서울특별시 동대문구 홍릉로 3, 2층 (청량리동)",의원,127.044221464535,37.5807111901805
"서울특별시 동대문구 천호대로25길 81, 2층 (용두동, 랜드마크타워)",의원,127.033954574721,37.5778124882836
"서울특별시 동대문구 서울시립대로 50, 4,5층 (전농동)",의원,127.047621034272,37.5756385323789
"서울특별시 동대문구 사가정로 148, 301호 (전농동, SK아파트 주상가동)",한의원,127.06074644992545,37.57761503023477
"서울특별시 동대문구 홍릉로 5-1, 3층 (청량리동)",의원,127.044771664472,37.5808863161584
"서울특별시 동대문구 왕산로 176, 나동 4층 (전농동)",치과의원,127.04291963325936,37.57916872099902
"서울특별시 동대문구 왕산로 42, 2층 (용두동)",의원,127.028155952617,37.5768140902984
"서울특별시 동대문구 사가정로 122, 308, 309호 (전농동, 전농동하우스토리)",의원,127.058517800585,37.5772114550055
"서울특별시 동대문구 이문로 128, 1~3층 (이문동, 이문동 아이비리그 오피스텔) (별관:이문로 126, 지하1층(이문동))",의원,127.061474048513,37.5979744981459
"서울특별시 동대문구 전농로 62, 2층 (답십리동)",의원,127.057444341338,37.570383613559
"서울특별시 동대문구 천호대로 295, 3층 (답십리동)",의원,127.053852977095,37.5664577767003
서울특별시 동대문구 전농로 91 (답십리동),치과의원,127.057022081587,37.5733020510431
"서울특별시 동대문구 제기로 131, 상가122동 3층 306호 (청량리동, 한신아파트)",치과의원,127.049226158581,37.5880281566858
"서울특별시 동대문구 천호대로 295, 3층 7호 (답십리동)",의원,127.053852977095,37.5664577767003
"서울특별시 동대문구 약령동길 52, 1층 (제기동)",한의원,127.0379846988,37.5806070446
서울특별시 동대문구  답십리로  62 (전농동),한의원,127.0479531667,37.5756263246
"서울특별시 동대문구 장한로 166, 2층 (장안동)",의원,127.072248281547,37.5751354375999
"서울특별시 동대문구 왕산로 192-1, 2층 (전농동)",치과의원,127.044610134844,37.5795977760066
"서울특별시 동대문구 천호대로 273, 5,6층 (답십리동)",의원,127.052048442916,37.5678368392544
"서울특별시 동대문구 망우로 35, B105호 (휘경동, 휘경 제이스카이 아파트)",한의원,127.0575360028,37.589032429
서울특별시 동대문구 약령중앙로2길 10 (제기동),한의원,127.0374357811813,37.57866107309525
"서울특별시 동대문구 왕산로 10, 4층 (신설동)",의원,127.024866002013,37.5758921207494
"서울특별시 동대문구 망우로16길 21, 2층 (휘경동)",의원,127.061336921055,37.5891492658846
서울특별시 동대문구 사가정로 148 (전농동),의원,127.061567688813,37.5766590358858
"서울특별시 동대문구 왕산로 194, 3,4층 (전농동)",치과의원,127.044706163423,37.5809676106128
"서울특별시 동대문구 왕산로 178, 3층 (전농동)",한의원,127.04314638793632,37.579304235681306
"서울특별시 동대문구 전농로 109, 3층 (답십리동)",치과의원,127.058113984974,37.5770544310002
서울특별시 동대문구 약령중앙로 14-12  (제기동),한의원,127.03772425150775,37.57936420707026
"서울특별시 동대문구 왕산로 193, 2층 (청량리동)",한의원,127.044533186272,37.5802253472646
"서울특별시 동대문구 왕산로 16, 동진빌딩 2층 (신설동)",한의원,127.025465004529,37.5760055183618
"서울특별시 동대문구 제기로 155, 3층 (청량리동)",치과의원,127.050386896215,37.5861492772961
서울특별시 동대문구 장한로 143 (장안동),병원,127.071518871889,37.5731976621686
"서울특별시 동대문구 답십리로 154, 2층 (답십리동)",치과의원,127.057108958561,37.5726293262934
"서울특별시 동대문구 사가정로 122, 304~306호 (전농동)",치과의원,127.058517800585,37.5772114550055
"서울특별시 동대문구 왕산로 253-1, 3층 (청량리동)",의원,127.04947793944,37.58388303362229
"서울특별시 동대문구 한천로 86, 2층 (장안동)",의원,127.064148625984,37.5690973238702
"서울특별시 동대문구 천호대로 295, 2층 (답십리동)",한의원,127.05395521882603,37.566305440047344
"서울특별시 동대문구 천호대로 317, 하늘병원 (답십리동)",병원,127.055634655029,37.565178527398
서울특별시 동대문구 이문로30길 38  (이문동),한의원,127.06217475260743,37.59578391167858
"서울특별시 동대문구 사가정로 148, 104~108호 (전농동)",의원,127.061567688813,37.5766590358858
"서울특별시 동대문구 전농로 102, 201호 (답십리동)",의원,127.057855083646,37.5739827977728
"서울특별시 동대문구 약령동길 77, 1층 (제기동)",한의원,127.03781039683,37.58181263001924
"서울특별시 동대문구 왕산로 191-1, 2층 (청량리동)",의원,127.044428674964,37.5801955637512
"서울특별시 동대문구 왕산로 78, 지하1층~지상7층 (용두동)",의원,127.031977933743,37.5777111378381
"서울특별시 동대문구 망우로21길 4, 3층 (휘경동)",의원,127.062997943849,37.5906525074882
"서울특별시 동대문구 천호대로 227, 2층 (답십리동)",의원,127.048090154848,37.5705388914743
"서울특별시 동대문구 한천로 55, 2, 3 층 (답십리동)",의원,127.061880899304,37.5669101962131
"서울특별시 동대문구 홍릉로 5-1, 2층 (청량리동)",치과의원,127.044771664472,37.5808863161584
"서울특별시 동대문구 왕산로 176, 6,7층 (전농동)",의원,127.043012785781,37.5792781556077
서울특별시 동대문구 천호대로 455 (장안동),의원,127.069749200949,37.5611664643369
서울특별시 동대문구 왕산로 155-1 (제기동),한의원,127.04058257800445,37.5789690741714
"서울특별시 동대문구 답십리로 297, 2층 (장안동)",치과의원,127.073594704843,37.5724747796105
"서울특별시 동대문구 홍릉로 5-1, 4층 (청량리동)",의원,127.044771664472,37.5808863161584
"서울특별시 동대문구 답십리로 140, 3층 307호 (답십리동, 세기프라자)",치과의원,127.055597303756,37.5724894025765
"서울특별시 동대문구 전농로 21, 2층 (답십리동)",한의원,127.056272776755,37.5669408432666
"서울특별시 동대문구 고산자로 410, 1층 (용두동)",한의원,127.03848964249109,37.57624877264365
서울특별시 동대문구 장한로18길 59 (장안동),의원,127.072300681193,37.5678614926551
"서울특별시 동대문구 장한로 152, 지하1~2층, 지상3 ~10층 (장안동)",요양병원,127.072181420118,37.5740057214541
"서울특별시 동대문구 한천로 242, 2층 (전농동)",의원,127.068606049066,37.5825001722604
"서울특별시 동대문구 사가정로 122, 201~2, 204호 (전농동)",의원,127.058517800585,37.5772114550055
"서울특별시 동대문구 장한로 119, 201~207호 (장안동, 삼성쉐르빌)",한의원,127.07029567732909,37.571440826143096
"서울특별시 동대문구 왕산로 78, 3층 (용두동)",치과의원,127.031977933743,37.5777111378381
"서울특별시 동대문구 이문로 136, 2층 F11호, F12호 (이문동, 이문동웰츠타워)",의원,127.061872724933,37.5984809170412
"서울특별시 동대문구 장한로 119, 301호 (장안동)",의원,127.070212938267,37.571449705126
"서울특별시 동대문구 고산자로 534, 207호 (제기동, 한신아파트상가 )",치과의원,127.039218485863,37.5883932941526
"서울특별시 동대문구 사가정로 110, 1, 2, 3층 (전농동)",의원,127.057280978196,37.5770064547491
"서울특별시 동대문구 휘경로 60, 101동 2층 (휘경동, 휘경SK VIEW 아파트)",의원,127.064927845308,37.5937270875353
서울특별시 동대문구 왕산로 249 (청량리동),치과의원,127.0490619632,37.5835086643594
"서울특별시 동대문구 장한로 14, 1,2,3층 (장안동)",의원,127.065754693542,37.5626109816786
"서울특별시 동대문구 답십리로 140, 4층 407호 (답십리동, 세기프라자)",한의원,127.0555988898,37.5724911137
서울특별시 동대문구 천호대로 291 (답십리동),의원,127.053396893699,37.5667176508613
"서울특별시 동대문구 안암로 22, 2층 (용두동)",한의원,127.02512347373404,37.57939594268972
"서울특별시 동대문구 고산자로 473, 2층 (제기동)",한의원,127.03829330387288,37.58191518761755
"서울특별시 동대문구 이문로 37, 1층 110~113호 (회기동, 회기역 한일베라체캠퍼스)",의원,127.056117386349,37.5908011291028
서울특별시 동대문구 천호대로 259-1 (답십리동),요양병원,127.050944682694,37.5686323592214
"서울특별시 동대문구 약령중앙로 5, 1층 (제기동)",한의원,127.03658453995352,37.57883793480626
"서울특별시 동대문구 천호대로 313, 3층 (답십리동)",의원,127.055308303617,37.5654438438652
"서울특별시 동대문구 천호대로 2, 삼미상사(주)사옥 7층 (신설동)",의원,127.023557307449,37.5750052699082
