교차로코드,입력일자,교차로명칭,유형코드,연동교차로코드,구코드 (공통);,지번,구경찰서 (공통);,신경찰서 (공통);,작업구분 (공통);,표출구분 (공통);,고객번호,계약종별,계량기번호,도로구분 (공통);,관할사업소 (공통);,교차로관리번호,공간데이터,신규정규화ID,이력ID,동코드 (공통);,공사형태 (공통);,지도표출구분,X좌표,Y좌표,경도,위도,geometry
4956,,사가정배봉,1,0.0,230.0,94-28대,200.0,200.0,1,1,,,,1.0,109.0,82-0000001927,,5322892.0,1927,10600.0,,N,206117.733099329,553241.746467177,127.06925796662232,37.57870567557917,POINT (127.06925796662232 37.57870567557917)
5036,,종암초교후문,1,0.0,230.0,67-241 대,200.0,200.0,1,2,,,,2.0,109.0,82-0000004485,,4363182.0,4485,10300.0,,N,202776.017505559,553685.400124741,127.03142857900615,37.58271910025215,POINT (127.03142857900615 37.58271910025215)
5122,,서울시설공단북단,3,0.0,230.0,29-6대,200.0,200.0,1,2,,,,1.0,109.0,82-0000004996,,4371362.0,4996,10200.0,,N,203356.241412572,552577.55575889,127.03799248929863,37.57273555681687,POINT (127.03799248929863 37.57273555681687)
5220,,이문고가(경보),1,0.0,230.0,209-1도,200.0,200.0,1,2,,,,1.0,109.0,82-0000003089,,,3089,11000.0,,N,205950.355288418,556107.364579298,127.06738638341099,37.60452574730311,POINT (127.06738638341099 37.60452574730311)
5238,,정릉램프,1,0.0,230.0,696-11도,150.0,200.0,1,1,,,,1.0,109.0,82-0000004903,,,4903,10200.0,,N,203159.395835123,552562.938625661,127.03576414438194,37.57260455328537,POINT (127.03576414438194 37.57260455328537)
4408,,두물다리,1,0.0,230.0,237-36대,200.0,200.0,1,2,,,,2.0,109.0,82-0000000241,,4361523.0,241,10500.0,,N,202941.785855697,552388.865728039,127.0333001164013,37.57103688576225,POINT (127.0333001164013 37.57103688576225)
4515,,청계9가(연등)2,1,536.0,230.0,237-10도,200.0,200.0,1,2,,,,1.0,109.0,82-0000002032,,4361033.0,2032,10200.0,,N,202689.624871715,552408.313631509,127.03044580287853,37.571212881056276,POINT (127.03044580287853 37.571212881056276)
4516,,신동아아파트입구,1,657.0,230.0,105-27대,200.0,200.0,1,2,,,,1.0,109.0,82-0000004869,,4361392.0,4869,10200.0,,N,202864.590389234,552715.79822059,127.03242756461908,37.573982774062394,POINT (127.03242756461908 37.573982774062394)
4517,,동진교,1,0.0,230.0,236-17대,200.0,200.0,1,2,,,,1.0,109.0,82-0000001704,,4351793.0,1704,10200.0,,N,202540.289943769,552708.548843039,127.0287564134677,37.57391840888672,POINT (127.0287564134677 37.57391840888672)
4518,,신설동역(연등),1,52.0,230.0,92-34도,150.0,200.0,1,2,,,,1.0,109.0,82-0000001705,,,1705,10100.0,,N,202140.90393359,552840.426749569,127.0242356972188,37.57510763648729,POINT (127.0242356972188 37.57510763648729)
4519,,청계8가(연등)2,1,471.0,230.0,101-6대,200.0,200.0,1,2,,,,1.0,109.0,82-0000004539,,4341763.0,4539,10100.0,,N,202062.700875697,552579.188602916,127.02334967948983,37.57275407294833,POINT (127.02334967948983 37.57275407294833)
4525,,동진빌딩,1,0.0,230.0,764-14도,200.0,200.0,1,2,,,,1.0,109.0,82-0000001895,,4352143.0,1895,10100.0,,N,202254.454129439,552980.330200813,127.02552155077115,37.576367887927,POINT (127.02552155077115 37.576367887927)
4526,,안암교,1,0.0,230.0,194-4 대,200.0,200.0,1,2,,,,1.0,109.0,82-0000000484,,4352662.0,484,10200.0,,N,202478.47620547,553059.464083719,127.02805786021968,37.577080304172036,POINT (127.02805786021968 37.577080304172036)
4527,,용두동사거리(연등),1,362.0,230.0,150-32도,150.0,200.0,1,2,,,,1.0,109.0,82-0000001896,,,1896,10200.0,,N,202676.417891724,553239.810188586,127.03029933881187,37.57870465804458,POINT (127.03029933881187 37.57870465804458)
4529,,한화생명신설동사옥,1,4108.0,230.0,92-34도,200.0,200.0,1,2,,,,1.0,109.0,82-0000002033,,4352101.0,2033,10100.0,,N,202263.007988516,552771.422990144,127.02561773992949,37.574485624477994,POINT (127.02561773992949 37.574485624477994)
4530,,서울시동부병원,1,657.0,230.0,237-10도,150.0,200.0,1,2,,,,1.0,109.0,82-0000001706,,,1706,10200.0,,N,202703.89819668,552885.479471526,127.03060913247329,37.57551207856658,POINT (127.03060913247329 37.57551207856658)
3343,,용두4교(연등),1,3342.0,230.0,47-1도,150.0,200.0,1,2,,,,1.0,109.0,82-0000002761,,,2761,10200.0,,N,203192.145013326,552725.906223133,127.03613557222822,37.57407276985727,POINT (127.03613557222822 37.57407276985727)
3344,,동대문구의회,2,53.0,230.0,47-1도,200.0,200.0,1,2,,,,1.0,109.0,82-0000002537,,4371784.0,2537,10200.0,,N,203556.835644989,552658.513702788,127.04026359844005,37.57346423101012,POINT (127.04026359844005 37.57346423101012)
3345,,용답동,1,0.0,230.0,324-2대,200.0,200.0,1,2,,,,1.0,109.0,82-0000001962,,4390752.0,1962,10500.0,,N,204572.393391212,552004.168800398,127.05175569106686,37.56756413565723,POINT (127.05175569106686 37.56756413565723)
3346,,용답동우체국,1,0.0,230.0,239-2 학,200.0,200.0,1,2,,,,1.0,109.0,82-0000005274,,5219322.0,5274,10600.0,,N,205375.147131036,551391.998515611,127.06083770590801,37.56204417460859,POINT (127.06083770590801 37.56204417460859)
3348,,대명신협,1,500.0,230.0,620-95대,200.0,200.0,1,2,,,,1.0,109.0,82-0000002435,,4372794.0,2435,10300.0,,N,203563.423261413,553237.989613644,127.04034098711973,37.57868525027915,POINT (127.04034098711973 37.57868525027915)
3349,,청량리미주아파트,1,0.0,230.0,620-67도,200.0,200.0,1,2,,,,1.0,109.0,82-0000004856,,4393182.0,4856,10400.0,,N,204241.248498516,553651.459090201,127.04801693640592,37.58240771160533,POINT (127.04801693640592 37.58240771160533)
3350,,서울성심병원,1,3349.0,230.0,61-359대,200.0,200.0,1,2,,,,1.0,109.0,82-0000004439,,4394412.0,4439,10400.0,,N,204406.698153494,553812.017711811,127.04989102543885,37.58385355685609,POINT (127.04989102543885 37.58385355685609)
3351,,휘경119안전센터앞,1,302.0,230.0,42-6도,150.0,200.0,1,2,,,,1.0,109.0,82-0000000399,,,399,10900.0,,N,205763.925478957,554605.640567891,127.06526329175928,37.59099654195904,POINT (127.06526329175928 37.59099654195904)
3352,,종암대교,3,0.0,230.0,1142-18임,150.0,200.0,1,2,,,,1.0,109.0,82-0000000160,,,160,10300.0,,N,203476.16068782,554634.522637965,127.0393597250371,37.591268247332124,POINT (127.0393597250371 37.591268247332124)
3353,,세종대왕기념관(연등)1,1,396.0,230.0,207대,200.0,200.0,1,2,,,,1.0,109.0,82-0000001134,,4385072.0,1134,10700.0,,N,203690.777596706,554640.177079919,127.04178980819621,37.59131835805326,POINT (127.04178980819621 37.59131835805326)
3354,,홍릉초교,2,0.0,230.0,산1-135임,200.0,200.0,1,2,,,,1.0,109.0,82-0000003994,,4385882.0,3994,10700.0,,N,204101.607527467,554680.775093949,127.04644176501252,37.591682404238306,POINT (127.04644176501252 37.591682404238306)
3355,,경희초교,3,0.0,230.0,60-1도,150.0,200.0,1,2,,,,1.0,109.0,82-0000001070,,,1070,10800.0,,N,204395.180564987,554659.039243494,127.04976570824971,37.591485211307074,POINT (127.04976570824971 37.591485211307074)
3356,,회기역앞(연등),1,48.0,230.0,54-58대,200.0,200.0,1,2,,,,1.0,109.0,82-0000004857,,5305264.0,4857,10800.0,,N,204807.481688005,554558.225556863,127.05443344404635,37.59057482763833,POINT (127.05443344404635 37.59057482763833)
3357,,휘경시장,1,0.0,230.0,334-45대,200.0,200.0,1,2,,,,1.0,109.0,82-0000000161,,5305682.0,161,10800.0,,N,205024.730554547,554654.777067603,127.0568939385671,37.59144358877244,POINT (127.0568939385671 37.59144358877244)
3358,,청량초교,1,0.0,230.0,346-131도,150.0,200.0,1,2,,,,1.0,109.0,82-0000002710,,,2710,11000.0,,N,205100.153230831,554797.273301492,127.05774892489124,37.592727053115155,POINT (127.05774892489124 37.592727053115155)
3359,,경희중,1,0.0,230.0,270-1 학,200.0,200.0,1,2,,,,1.0,109.0,82-0000002667,,5316054.0,2667,11000.0,,N,205215.259643939,555017.019109205,127.05905383620241,37.59470629886989,POINT (127.05905383620241 37.59470629886989)
3360,,외국어대(연등),1,274.0,230.0,292-10대,200.0,200.0,1,2,,,,2.0,109.0,82-0000004141,,5316482.0,4141,11000.0,,N,205403.780953824,555166.523695456,127.06118961734246,37.59605223442253,POINT (127.06118961734246 37.59605223442253)
3361,,이문새마을금고,2,5072.0,230.0,257-164대,200.0,200.0,1,2,,,,1.0,109.0,82-0000002436,,5317312.0,2436,11000.0,,N,205375.083392,555326.34088202,127.0608658340669,37.597492340609634,POINT (127.0608658340669 37.597492340609634)
3362,,이문행운모터스,1,5072.0,230.0,428 대,200.0,200.0,1,2,,,,1.0,109.0,82-0000002343,,5317682.0,2343,11000.0,,N,205479.061697204,555699.286840183,127.06204604291719,37.600851934923355,POINT (127.06204604291719 37.600851934923355)
3363,,이문e편한세상,1,3736.0,230.0,56-1도,200.0,200.0,1,2,,,,1.0,109.0,82-0000005069,,5318663.0,5069,11000.0,,N,205479.68476755,556097.884992291,127.06205608176684,37.60444326027789,POINT (127.06205608176684 37.60444326027789)
3364,,이문초교,1,0.0,230.0,164-25도,150.0,200.0,1,2,,,,2.0,109.0,82-0000001728,,,1728,11000.0,,N,205651.927580156,555938.532808957,127.06400545801239,37.60300647175759,POINT (127.06400545801239 37.60300647175759)
3365,,삼원택시,2,0.0,230.0,42-1철,200.0,200.0,1,2,,,,1.0,109.0,82-0000005281,,5328483.0,5281,11000.0,,N,205922.339222053,556166.019205615,127.06706958268128,37.60505440004357,POINT (127.06706958268128 37.60505440004357)
3366,,이문파출소(연등)1,1,3367.0,230.0,189-3 철,200.0,200.0,1,2,,,,1.0,109.0,82-0000003940,,5327642.0,3940,11000.0,,N,205980.465469883,555464.145606674,127.06772212050696,37.59873021382737,POINT (127.06772212050696 37.59873021382737)
3367,,이문파출소,2,0.0,230.0,64대,200.0,200.0,1,2,,,,1.0,109.0,82-0000005005,,5327612.0,5005,11000.0,,N,205990.573730487,555301.741365152,127.0678352568118,37.59726690130342,POINT (127.0678352568118 37.59726690130342)
3369,,이문쌍용아파트(연등),1,3368.0,230.0,189철,200.0,200.0,1,2,,,,1.0,109.0,82-0000002437,,5337072.0,2437,11000.0,,N,206192.236529028,555624.83733038,127.07012154938998,37.600176630213724,POINT (127.07012154938998 37.600176630213724)
3370,,이화교,2,0.0,230.0,53-1전,150.0,200.0,1,2,,,,1.0,109.0,82-0000000162,,,162,11000.0,,N,206273.32007515,555747.691637938,127.07104079999876,37.601282986167064,POINT (127.07104079999876 37.601282986167064)
3371,,이문파출소(연등)2,1,3367.0,230.0,353-6제,200.0,200.0,1,2,,,,1.0,109.0,82-0000002344,,5326662.0,2344,11000.0,,N,206020.868517462,555078.932205406,127.06817647305257,37.59525921369831,POINT (127.06817647305257 37.59525921369831)
3372,,휘경2동주민센터,2,0.0,230.0,4-2답,200.0,200.0,1,2,,,,1.0,109.0,82-0000001015,,5325844.0,1015,10900.0,,N,206081.742319491,554459.984228961,127.06886063018186,37.58968214594125,POINT (127.06886063018186 37.58968214594125)
3373,,동대문차량보관소,2,3372.0,230.0,7-36도,200.0,200.0,1,2,,,,1.0,109.0,82-0000004142,,5325712.0,4142,10900.0,,N,206054.986450001,554344.46426987,127.0685567319253,37.588641496881486,POINT (127.0685567319253 37.588641496881486)
3374,,전동중교앞,2,0.0,230.0,1031-450천,200.0,200.0,1,2,,,,1.0,109.0,82-0000000400,,5334332.0,400,10900.0,,N,206359.454004805,553929.850560529,127.07200042224252,37.584903807397,POINT (127.07200042224252 37.584903807397)
3375,,휘경공고,1,0.0,230.0,49-23도,200.0,200.0,1,2,,,,1.0,109.0,82-0000001964,,5324921.0,1964,10900.0,,N,206140.735793768,553868.655008434,127.06952362884356,37.584353924518346,POINT (127.06952362884356 37.584353924518346)
3376,,동문장애인복지관앞(연등),2,3374.0,230.0,1031-450천,200.0,200.0,1,2,,,,1.0,109.0,82-0000002438,,5334512.0,2438,10900.0,,N,206432.3692,553837.084229869,127.07282513816074,37.584067483311145,POINT (127.07282513816074 37.584067483311145)
3377,,동대부고,2,3378.0,230.0,727-24천,200.0,200.0,1,2,,,,1.0,109.0,82-0000001965,,5342151.0,1965,10600.0,,N,206756.373529757,553029.471600837,127.07648596005426,37.576788629792354,POINT (127.07648596005426 37.576788629792354)
3378,,힐스테이트아파트,1,0.0,230.0,473-2도,150.0,200.0,1,2,,,,2.0,109.0,82-0000002345,,,2345,10600.0,,N,206776.884141431,552836.957836408,127.07671637208688,37.57505394222872,POINT (127.07671637208688 37.57505394222872)
3379,,성복교회(연등)1,2,6506.0,230.0,727-24천,200.0,200.0,1,2,,,,2.0,109.0,82-0000001966,,5341265.0,1966,10600.0,,N,206791.743367899,552572.533498104,127.0768821335957,37.572671385334985,POINT (127.0768821335957 37.572671385334985)
3390,,장안현대홈타운,1,0.0,230.0,336대,200.0,200.0,1,2,,,,2.0,109.0,82-0000002705,,5330962.0,2705,10600.0,,N,206635.822698206,552085.291716038,127.0751127134197,37.56828249960145,POINT (127.0751127134197 37.56828249960145)
3391,,안평초교,2,0.0,230.0,473-6도,150.0,200.0,1,2,,,,2.0,109.0,82-0000004295,,,4295,10600.0,,N,206428.446165285,551620.16159744,127.07276128647435,37.56409316934188,POINT (127.07276128647435 37.56409316934188)
3392,,군자교밑,2,0.0,230.0,480-19도,150.0,200.0,1,2,,,,2.0,109.0,82-0000004527,,,4527,10600.0,,N,206283.48047095,551302.364829351,127.07111775086823,37.561230833481716,POINT (127.07111775086823 37.561230833481716)
3393,,부품상가삼거리,2,0.0,230.0,482도,200.0,200.0,1,2,,,,1.0,109.0,82-0000001063,,5219063.0,1063,10600.0,,N,205185.716602607,551583.502437257,127.05869502278043,37.563770702669466,POINT (127.05869502278043 37.563770702669466)
3394,,답십리1동,3,0.0,230.0,532-1제,200.0,200.0,1,2,,,,1.0,109.0,82-0000001064,,5300412.0,1064,10500.0,,N,204910.187764687,551838.914111872,127.0555781346371,37.566073460271845,POINT (127.0555781346371 37.566073460271845)
3395,,답십리초교,3,0.0,230.0,182-1대,200.0,200.0,1,2,,,,2.0,109.0,82-0000000156,,5300143.0,156,10500.0,,N,204741.899848108,551996.829438331,127.05367431500082,37.567497151631336,POINT (127.05367431500082 37.567497151631336)
3396,,삼희아파트,1,0.0,230.0,478-25대,200.0,200.0,1,2,,,,2.0,109.0,82-0000004846,,4390882.0,4846,10500.0,,N,204578.540458445,552152.676995605,127.05182619779909,37.56890215702199,POINT (127.05182619779909 37.56890215702199)
3397,,답십리초교(연등),1,3395.0,230.0,149-4종,200.0,200.0,1,2,,,,2.0,109.0,82-0000002663,,4390962.0,2663,10500.0,,N,204666.333476316,552070.196813519,127.05281943438412,37.56815857405776,POINT (127.05281943438412 37.56815857405776)
3398,,보광타워,3,3396.0,230.0,477-1대,200.0,200.0,1,2,,,,2.0,109.0,82-0000002760,,4391603.0,2760,10500.0,,N,204498.966026347,552262.735557096,127.05092614075737,37.569894171303496,POINT (127.05092614075737 37.569894171303496)
3399,,신답육교,3,0.0,230.0,524-1도,150.0,200.0,1,2,,,,1.0,109.0,82-0000002536,,,2536,10500.0,,N,204401.063156075,552374.314770586,127.04981859715181,37.57089996730453,POINT (127.04981859715181 37.57089996730453)
3400,,청계한신109동,2,3401.0,230.0,648-1대,200.0,200.0,1,2,,,,1.0,109.0,82-0000003699,,4381975.0,3699,10400.0,,N,204143.962114229,552613.63392555,127.04690965068063,37.573057412728375,POINT (127.04690965068063 37.573057412728375)
3401,,태양하나어린이집,3,0.0,230.0,493-2대,200.0,200.0,1,2,,,,1.0,109.0,82-0000002706,,4381794.0,2706,10400.0,,N,204046.80508269,552705.644967468,127.04581034122778,37.57388685914595,POINT (127.04581034122778 37.57388685914595)
3402,,청량리교회,2,0.0,230.0,672천,150.0,200.0,1,2,,,,2.0,109.0,82-0000001959,,,1959,10400.0,,N,203985.524413691,552884.075255597,127.0451176064658,37.57549477324151,POINT (127.0451176064658 37.57549477324151)
3403,,청량리굴다리,2,0.0,230.0,670도,150.0,200.0,1,2,,,,1.0,109.0,82-0000004704,,,4704,10400.0,,N,204050.088144493,553035.680668463,127.04584932899957,37.576860447596665,POINT (127.04584932899957 37.576860447596665)
3404,,전농1동(연등)2,1,470.0,230.0,666도,200.0,200.0,1,2,,,,1.0,109.0,82-0000004261,,4382912.0,4261,10400.0,,N,204130.260097029,552827.695840622,127.04675574969556,37.57498616034676,POINT (127.04675574969556 37.57498616034676)
3406,,전농1동(연등)1,1,470.0,230.0,534-31도,200.0,200.0,1,2,,,,1.0,109.0,82-0000000745,,4392272.0,745,10400.0,,N,204305.589301966,553105.472416759,127.0487421581223,37.577488108232586,POINT (127.0487421581223 37.577488108232586)
3407,,연세의원앞,1,,230.0,127-389철,200.0,200.0,1,2,,,,1.0,109.0,82-0000003665,,4392494.0,3665,10400.0,,Y,204401.407813837,553248.810251665,127.04982774815468,37.57877912041789,POINT (127.04982774815468 37.57877912041789)
3408,,소화물창고,1,0.0,230.0,584-21도,200.0,200.0,1,2,,,,1.0,109.0,82-0000004686,,4393742.0,4686,10400.0,,N,204539.194728926,553465.339242081,127.05138895563239,37.580729363958106,POINT (127.05138895563239 37.580729363958106)
3410,,천마빌딩,1,3408.0,230.0,,200.0,200.0,1,2,,,,1.0,109.0,82-0000003666,,4393975.0,3666,10400.0,,N,204633.56598984,553613.354397001,127.05245828319586,37.58206250064076,POINT (127.05245828319586 37.58206250064076)
3411,,농협전농지점,3,0.0,230.0,666도,200.0,200.0,1,2,,,,1.0,109.0,82-0000000746,,4392312.0,746,10400.0,,N,204343.6058852,552843.923048299,127.04917098162028,37.57513138531495,POINT (127.04917098162028 37.57513138531495)
3413,,농협전농지점(연등),1,3411.0,230.0,524-1도,200.0,200.0,1,2,,,,1.0,109.0,82-0000004506,,4391592.0,4506,10500.0,,N,204472.339983067,552749.105614165,127.05062771313285,37.57427646959667,POINT (127.05062771313285 37.57427646959667)
3414,,답십리래미안위브102동앞,1,89.0,230.0,335-15대,200.0,200.0,1,2,,,,1.0,109.0,82-0000000315,,4391752.0,315,10500.0,,N,204528.912123323,552549.600569326,127.05126688772427,37.572478663653605,POINT (127.05126688772427 37.572478663653605)
3416,,동명교회,3,0.0,230.0,295-182대,200.0,200.0,1,2,,,,1.0,109.0,82-0000001287,,5301565.0,1287,10500.0,,N,204938.081089897,552594.13540592,127.05589894248405,37.572877817841565,POINT (127.05589894248405 37.572877817841565)
3417,,답십리한양아파트,2,3419.0,230.0,10-9도,200.0,200.0,1,2,,,,1.0,109.0,82-0000003751,,5311163.0,3751,10500.0,,N,205260.73591,552593.932859871,127.0595513829916,37.57287420696373,POINT (127.0595513829916 37.57287420696373)
3418,,답십리한양아파트(연등)2,1,3419.0,230.0,10대,200.0,200.0,1,2,,,,1.0,109.0,82-0000001361,,5301962.0,1361,10500.0,,N,205168.387084613,552595.239590916,127.05850600659187,37.572886503247986,POINT (127.05850600659187 37.572886503247986)
3419,,답십리한양아파트(연등)1,3,0.0,230.0,80-1대,200.0,200.0,1,2,,,,1.0,109.0,82-0000000109,,5311361.0,109,10500.0,,N,205353.97901177,552590.95096268,127.06060686998049,37.57284680307174,POINT (127.06060686998049 37.57284680307174)
3420,,힐스포츠센터,2,0.0,230.0,산2-11도,150.0,200.0,1,2,,,,1.0,109.0,82-0000004507,,,4507,10500.0,,N,205610.504410909,552585.887008941,127.06351068889384,37.572799650622215,POINT (127.06351068889384 37.572799650622215)
3421,,참튼튼병원(연등),1,3422.0,230.0,123-11 대,200.0,200.0,1,2,,,,1.0,109.0,82-0000000110,,5321762.0,110,10600.0,,N,206053.862839909,552563.042006368,127.06852929706874,37.572591011737245,POINT (127.06852929706874 37.572591011737245)
3422,,참튼튼병원,1,0.0,230.0,291-1대,200.0,200.0,1,2,,,,1.0,109.0,82-0000002264,,5321962.0,2264,10600.0,,N,206154.619252083,552550.284826581,127.06966974465331,37.57247540267465,POINT (127.06966974465331 37.57247540267465)
3423,,장안아파트입구,2,0.0,230.0,470-1도,150.0,200.0,1,2,,,,1.0,109.0,82-0000002997,,,2997,10600.0,,N,206577.395245136,552514.971963177,127.07445521111002,37.57215431444665,POINT (127.07445521111002 37.57215431444665)
3424,,장평중,3,0.0,230.0,471-1도,150.0,200.0,1,2,,,,2.0,109.0,82-0000003017,,,3017,10600.0,,N,206227.358919088,551714.968811688,127.07048605817094,37.56494875890646,POINT (127.07048605817094 37.56494875890646)
3427,,동대문소방서,1,0.0,230.0,377-9대,200.0,200.0,1,2,,,,2.0,109.0,82-0000000982,,5229363.0,982,10600.0,,N,205840.607036254,551588.537820786,127.06610749778277,37.5638121534957,POINT (127.06610749778277 37.5638121534957)
3430,,장안1새마을금고,1,3433.0,230.0,469-9도,200.0,200.0,1,2,,,,1.0,109.0,82-0000003018,,5320753.0,3018,10600.0,,N,206072.039712094,552018.333862922,127.0687305478635,37.56768310035193,POINT (127.0687305478635 37.56768310035193)
3433,,장안현대벤처빌,1,0.0,230.0,371-7대,200.0,200.0,1,2,,,,2.0,109.0,82-0000001288,,5320973.0,1288,10600.0,,N,206131.200781855,552132.034922624,127.06940115305896,37.56870714949945,POINT (127.06940115305896 37.56870714949945)
3435,,장안뉴시티,1,3433.0,230.0,469-8도,200.0,200.0,1,2,,,,1.0,109.0,82-0000004897,,5330092.0,4897,10600.0,,N,206188.80212001,552242.132852341,127.07005409086342,37.56969874110579,POINT (127.07005409086342 37.56969874110579)
3436,,장안삼성쉐르빌,1,3433.0,230.0,469-13도,200.0,200.0,1,2,,,,1.0,109.0,82-0000002266,,5331123.0,2266,10600.0,,N,206260.602264881,552380.034122752,127.07086800863802,37.57094073914325,POINT (127.07086800863802 37.57094073914325)
3437,,햇살요양병원,1,3438.0,230.0,312-7대,200.0,200.0,1,2,,,,1.0,109.0,82-0000002998,,5331393.0,2998,10600.0,,N,206351.061,552738.161199869,127.07189507353546,37.574166824637125,POINT (127.07189507353546 37.574166824637125)
3438,,장안지구대앞,3,0.0,230.0,469-4도,150.0,200.0,1,2,,,,2.0,109.0,82-0000003434,,,3434,10600.0,,N,206359.333084816,552861.751012295,127.07198978678623,37.575280304345014,POINT (127.07198978678623 37.575280304345014)
3439,,장안동근린공원,1,0.0,230.0,92-17대,200.0,200.0,1,2,,,,2.0,109.0,82-0000000316,,5332362.0,316,10600.0,,N,206371.823126368,553099.164127269,127.07213324151947,37.57741929532052,POINT (127.07213324151947 37.57741929532052)
3440,,장안동근린공원(연등),1,3439.0,230.0,469-1 도,200.0,200.0,1,2,,,,2.0,109.0,82-0000000748,,5332346.0,748,10600.0,,N,206365.115530589,552967.4755378,127.0720561638306,37.57623283585348,POINT (127.0720561638306 37.57623283585348)
3441,,장안2동주민센터,1,332.0,230.0,94-23 도,200.0,200.0,1,2,,,,1.0,109.0,82-0000002104,,5332095.0,2104,10600.0,,N,206204.080740916,553248.722141826,127.07023555408239,37.57876794838769,POINT (127.07023555408239 37.57876794838769)
3446,,전농대원빌딩,1,0.0,230.0,30-1도,150.0,200.0,1,2,,,,1.0,109.0,82-0000003684,,,3684,10400.0,,N,205403.760196811,553156.589569102,127.06117456001624,37.577942882773726,POINT (127.06117456001624 37.577942882773726)
3447,,동대문구노인정보화센터,1,565.0,230.0,295-26 도,200.0,200.0,1,2,,,,1.0,109.0,82-0000004508,,5302432.0,4508,10400.0,,N,204887.532288166,552934.95363406,127.05532900353033,37.57594884028429,POINT (127.05532900353033 37.57594884028429)
3448,,동대문구노인정보화센터(연등),1,3447.0,230.0,325-21도,200.0,200.0,1,2,,,,1.0,109.0,82-0000001863,,5302542.0,1863,10400.0,,N,204956.154854824,552991.746986251,127.05610622459093,37.576460178348846,POINT (127.05610622459093 37.576460178348846)
3450,,청솔우성아파트(연등)2,1,3449.0,230.0,80-7도,200.0,200.0,1,2,,,,2.0,109.0,82-0000001726,,5302912.0,1726,10500.0,,N,205176.301972645,552825.419982244,127.05859722784133,37.5749603711228,POINT (127.05859722784133 37.5749603711228)
3451,,청솔우성301동,2,3451.0,230.0,991대,200.0,200.0,1,2,,,,2.0,109.0,82-0000001665,,5312532.0,1665,10500.0,,N,205434.570655635,552921.847764275,127.06152161689567,37.57582769229389,POINT (127.06152161689567 37.57582769229389)
3452,,우아세어린이집,1,90.0,230.0,70-8대,200.0,200.0,1,2,,,,1.0,109.0,82-0000000111,,5301721.0,111,10500.0,,N,205060.65924627,552379.854718297,127.05728504444407,37.570946495076484,POINT (127.05728504444407 37.570946495076484)
3453,,답십리두산아파트,1,0.0,230.0,36-2도,150.0,200.0,1,2,,,,1.0,109.0,82-0000001074,,,1074,10500.0,,N,205050.732444986,552247.367639955,127.05717176383186,37.56975284770854,POINT (127.05717176383186 37.56975284770854)
3454,,답십리성당,3,0.0,230.0,534도,150.0,200.0,1,2,,,,1.0,109.0,82-0000003875,,,3875,10500.0,,N,205005.074644917,551943.455659352,127.05665286667592,37.56701486442867,POINT (127.05665286667592 37.56701486442867)
3455,,군자초교입구,3,0.0,230.0,4-118대,200.0,200.0,1,2,,,,1.0,109.0,82-0000004707,,5310402.0,4707,10500.0,,N,205400.397161095,551782.20886952,127.06112636653629,37.565559806106435,POINT (127.06112636653629 37.565559806106435)
3456,,단골슈퍼앞,3,0.0,230.0,165-33종,200.0,200.0,1,2,,,,2.0,109.0,82-0000004441,,5320033.0,4441,10600.0,,N,205710.403191296,551944.220366124,127.06463654222011,37.56701765337296,POINT (127.06463654222011 37.56701765337296)
3457,,장안시장입구,1,3455.0,230.0,12-4제,150.0,200.0,1,2,,,,1.0,109.0,82-0000001075,,,1075,10500.0,,N,205497.719108479,551934.390602974,127.06222908054156,37.566930381137965,POINT (127.06222908054156 37.566930381137965)
3465,,한유약국,1,0.0,230.0,2-24학,200.0,200.0,1,2,,,,1.0,109.0,82-0000001081,,5310982.0,1081,10600.0,,N,205657.4529278,552197.828601068,127.06403915022017,37.56930297784968,POINT (127.06403915022017 37.56930297784968)
3466,,백석빌딩,1,0.0,230.0,2-179대,200.0,200.0,1,2,,,,1.0,109.0,82-0000002440,,5321122.0,2440,10500.0,,N,205758.77736723,552371.234386981,127.06518744624348,37.57086472728602,POINT (127.06518744624348 37.57086472728602)
3467,,촬영소사거리(연등)1,1,502.0,230.0,114-1도,200.0,200.0,1,2,,,,1.0,109.0,82-0000000403,,5321482.0,403,10500.0,,N,205907.041854373,552697.113310827,127.0668683750552,37.573799939646726,POINT (127.0668683750552 37.573799939646726)
3468,,장안LPG,2,0.0,230.0,1-92도,150.0,200.0,1,2,,,,1.0,109.0,82-0000001071,,,1071,10500.0,,N,205967.000036157,552936.426766315,127.06754905555692,37.57595575322409,POINT (127.06754905555692 37.57595575322409)
3469,,배봉초교(연등),1,252.0,230.0,95-1대,200.0,200.0,1,2,,,,1.0,109.0,82-0000002671,,5322675.0,2671,10600.0,,N,206013.40355201,553121.00786821,127.0680758773542,37.577618515649554,POINT (127.0680758773542 37.577618515649554)
3086,,제기한신아파트,1,0.0,230.0,122-388 천,200.0,200.0,1,2,,,,1.0,109.0,82-0000002645,,4374392.0,2645,10300.0,,N,203330.134654936,554220.618651129,127.03770442672409,37.587539544241885,POINT (127.03770442672409 37.587539544241885)
3087,,제기새마을금고,1,0.0,230.0,120-240대,200.0,200.0,1,2,,,,1.0,109.0,82-0000004275,,4374442.0,4275,10300.0,,N,203403.181460286,553962.036897012,127.03853027567038,37.58520947441138,POINT (127.03853027567038 37.58520947441138)
3088,,광성상가(연등)2,1,3489.0,230.0,849 도,200.0,200.0,1,2,,,,1.0,109.0,82-0000002328,,4373424.0,2328,10300.0,,N,203393.676845808,553363.613621685,127.03841989507447,37.57981775586582,POINT (127.03841989507447 37.57981775586582)
3089,,제기사거리,3,0.0,230.0,856도,200.0,200.0,1,2,,,,1.0,109.0,82-0000003735,,4373492.0,3735,10300.0,,N,203412.401123797,553710.044633996,127.03863348586847,37.582939007491525,POINT (127.03863348586847 37.582939007491525)
3090,,용두교앞,2,0.0,230.0,65도,150.0,200.0,1,2,,,,1.0,109.0,82-0000000341,,,341,10300.0,,N,203086.564329084,553178.682074568,127.03494228903317,37.578152614335394,POINT (127.03494228903317 37.578152614335394)
3091,,제기동,1,0.0,230.0,849 도,200.0,200.0,1,2,,,,1.0,109.0,82-0000004433,,4372332.0,4433,10200.0,,N,203375.822418138,552948.19448062,127.03821585174771,37.57607491993495,POINT (127.03821585174771 37.57607491993495)
4108,,신설동역앞,1,0.0,230.0,92-34도,150.0,200.0,1,2,,,,1.0,109.0,82-0000002461,,,2461,10100.0,,N,202365.147238391,552711.914911995,127.02677378626413,37.573949203292145,POINT (127.02677378626413 37.573949203292145)
3470,,장안현대아파트,2,3471.0,230.0,57대,200.0,200.0,1,2,,,,1.0,109.0,82-0000003734,,5323741.0,3734,10400.0,,N,206038.234782724,553486.96193077,127.06835999828432,37.580915575003885,POINT (127.06835999828432 37.580915575003885)
3471,,휘경여중,1,0.0,230.0,1-35도,150.0,200.0,1,2,,,,1.0,109.0,82-0000003575,,,3575,10900.0,,N,206043.644484917,553710.380292589,127.0684230847455,37.58292852321138,POINT (127.0684230847455 37.58292852321138)
3472,,휘경여중고,2,0.0,230.0,366 대,200.0,200.0,1,2,,,,1.0,109.0,82-0000003373,,5324612.0,3373,10900.0,,N,206017.61032812,553834.292628817,127.06812935680746,37.584045134815746,POINT (127.06812935680746 37.584045134815746)
3474,,동성연립,1,0.0,230.0,산6-84 임,200.0,200.0,1,2,,,,1.0,109.0,82-0000003374,,5324552.0,3374,10900.0,,N,205962.04863899,554040.927071854,127.06750198757798,37.58590725703958,POINT (127.06750198757798 37.58590725703958)
3475,,동일스위트아파트앞,1,0.0,230.0,43-257 임,150.0,200.0,1,2,,,,1.0,109.0,82-0000001969,,,1969,10900.0,,N,205979.240551973,554222.042731051,127.06769811120938,37.58753898358464,POINT (127.06769811120938 37.58753898358464)
3476,,동부교육지원청(연등),1,,230.0,295-92도,200.0,200.0,1,2,,,,1.0,109.0,82-0000004858,,5302792.0,4858,10400.0,,N,205057.241210223,553205.593313291,127.0572520488466,37.57838637113742,POINT (127.0572520488466 37.57838637113742)
3477,,동부교육지원청,1,,230.0,184-22도,200.0,200.0,1,2,,,,1.0,109.0,82-0000003435,,5303613.0,3435,10400.0,,N,204982.077894074,553340.451982262,127.05640205642116,37.57960184873674,POINT (127.05640205642116 37.57960184873674)
3478,,해성여중고,1,0.0,230.0,304학,200.0,200.0,1,2,,,,1.0,109.0,82-0000005019,,5303442.0,5019,10400.0,,N,204899.642704246,553480.569121374,127.055469745412,37.58086473716656,POINT (127.055469745412 37.58086473716656)
3479,,해성여중고(연등),1,3478.0,230.0,304학,200.0,200.0,1,2,,,,1.0,109.0,82-0000000786,,5303355.0,786,10400.0,,N,204866.288443735,553542.977132413,127.05509255026148,37.58142720599798,POINT (127.05509255026148 37.58142720599798)
3480,,떡전교사거리(연등)2,1,304.0,230.0,1-2 도,200.0,200.0,1,2,,,,1.0,109.0,82-0000002152,,4394932.0,2152,10400.0,,N,204630.377163558,553946.312102881,127.05242428497752,37.585062442186654,POINT (127.05242428497752 37.585062442186654)
3482,,청량리한신아파트,2,0.0,230.0,34도,150.0,200.0,1,2,,,,1.0,109.0,82-0000002330,,,2330,10700.0,,N,204221.16535322,554114.877708618,127.04779223609752,37.58658317266112,POINT (127.04779223609752 37.58658317266112)
3483,,홍릉동부아파트앞,1,3482.0,230.0,819도,150.0,200.0,1,2,,,,1.0,109.0,82-0000001864,,,1864,10700.0,,N,204025.828874163,554141.16662215,127.04558077222289,37.58682090855022,POINT (127.04558077222289 37.58682090855022)
3484,,홍파초교후문(연등),1,3485.0,230.0,205-818대,200.0,200.0,1,2,,,,1.0,109.0,82-0000003222,,4374972.0,3222,10700.0,,N,203674.486649997,554126.539839896,127.04160277374906,37.58669059137467,POINT (127.04160277374906 37.58669059137467)
3485,,홍파초교후문,2,0.0,230.0,205-78도,200.0,200.0,1,2,,,,1.0,109.0,82-0000002423,,4374772.0,2423,10300.0,,N,203540.59531457,554122.061235559,127.04008682616058,37.586650764032896,POINT (127.04008682616058 37.586650764032896)
3487,,더푸른빌2앞,1,0.0,230.0,135-91도,200.0,200.0,1,2,,,,1.0,109.0,82-0000004136,,4364772.0,4136,10300.0,,N,203049.407336553,554102.896408379,127.03452548854037,37.586479847972114,POINT (127.03452548854037 37.586479847972114)
3488,,광성상가(연등)1,1,3489.0,230.0,740-3대,200.0,200.0,1,2,,,,1.0,109.0,82-0000004392,,4373463.0,4392,10300.0,,N,203404.43187012,553564.372825713,127.03854258537534,37.58162654370226,POINT (127.03854258537534 37.58162654370226)
3489,,광성상가,1,0.0,230.0,763-1 대,200.0,200.0,1,2,,,,1.0,109.0,82-0000001082,,4373443.0,1082,10300.0,,N,203400.215720621,553479.71051912,127.03849446035848,37.58086375740314,POINT (127.03849446035848 37.58086375740314)
3490,,청량리현대코아앞,1,3491.0,230.0,229대,200.0,200.0,1,2,,,,1.0,109.0,82-0000003695,,4383571.0,3695,10700.0,,N,203942.116224778,553608.07012944,127.04463010325966,37.58201810898605,POINT (127.04463010325966 37.58201810898605)
3492,,청량리전화국,1,0.0,230.0,199-197도,200.0,200.0,1,2,,,,2.0,109.0,82-0000004522,,4384332.0,4522,10700.0,,N,203862.724883592,553918.651237671,127.04373292274994,37.584816759752925,POINT (127.04373292274994 37.584816759752925)
3493,,용진한의원,3,0.0,230.0,852-2 도,150.0,200.0,1,2,,,,2.0,109.0,82-0000004137,,,4137,10300.0,,N,203293.755308778,553703.460265595,127.03729020841627,37.582880114756996,POINT (127.03729020841627 37.582880114756996)
3494,,삼일교,3,0.0,230.0,1205도,150.0,200.0,1,2,,,,2.0,109.0,82-0000003696,,,3696,10300.0,,N,203173.756203805,553697.972849284,127.03593161657791,37.58283109486414,POINT (127.03593161657791 37.58283109486414)
3495,,제기동천주교회,1,0.0,230.0,250-1도,150.0,200.0,1,2,,,,2.0,109.0,82-0000004702,,,4702,10300.0,,N,202984.915835632,553691.320579628,127.03379363743362,37.58277178977989,POINT (127.03379363743362 37.58277178977989)
3496,,종암초교,3,191.0,230.0,104-73도,200.0,200.0,1,2,,,,1.0,109.0,82-0000001359,,4353954.0,1359,10200.0,,N,202632.94774952,553523.969778,127.02980824038174,37.58126504352548,POINT (127.02980824038174 37.58126504352548)
3499,,청솔우성아파트(연등)1,1,0.0,230.0,25-2도,200.0,200.0,1,2,,,,1.0,109.0,82-0000004703,,,4703,10400.0,,N,205096.848720082,552942.914584049,127.05769861136935,37.576019433602966,POINT (127.05769861136935 37.576019433602966)
3500,,세종대왕기념관(연등)2,1,0.0,230.0,207대,200.0,200.0,1,2,,,,1.0,109.0,82-0000004523,,4385382.0,4523,10700.0,,N,203848.089277039,554683.298409745,127.04357123745785,37.59170623365368,POINT (127.04357123745785 37.59170623365368)
3501,,영화진흥공사,1,0.0,230.0,207대,200.0,200.0,1,2,,,,2.0,109.0,82-0000002331,,4385152.0,2331,10700.0,,N,203750.741028399,554509.761396414,127.04246809221151,37.59014308084486,POINT (127.04246809221151 37.59014308084486)
3503,,이문초교(연등),1,0.0,230.0,237-3도,200.0,200.0,1,2,,,,2.0,109.0,82-0000001202,,,1202,11000.0,,N,205753.902576154,555938.681689563,127.06516027802908,37.60300718122338,POINT (127.06516027802908 37.60300718122338)
3505,,휘경초교앞,1,0.0,230.0,183-440대,200.0,200.0,1,2,,,,1.0,109.0,82-0000000924,,5305614.0,924,10900.0,,N,205014.202366203,554331.996985518,127.05677252114559,37.588535423724615,POINT (127.05677252114559 37.588535423724615)
3506,,제기1새마을금고,3,0.0,230.0,851도,150.0,200.0,1,2,,,,2.0,109.0,82-0000004497,,,4497,10300.0,,N,203684.46436066,553721.702447276,127.04171370661751,37.58304299532247,POINT (127.04171370661751 37.58304299532247)
3507,,소화유치원,3,0.0,230.0,55-11천,200.0,200.0,1,2,,,,1.0,109.0,82-0000003622,,4363881.0,3622,10300.0,,N,203089.018408267,553695.899363789,127.03497225076896,37.58281270102353,POINT (127.03497225076896 37.58281270102353)
3508,,공성아파트정문,2,0.0,230.0,1205도,200.0,200.0,1,2,,,,1.0,109.0,82-0000000281,,4363951.0,281,10300.0,,N,203136.62914,553511.68456987,127.03551048613078,37.581152776941025,POINT (127.03551048613078 37.581152776941025)
3509,,동원교회(경보),1,0.0,230.0,1205도,200.0,200.0,1,2,,,,2.0,109.0,82-0000002970,,,2970,10300.0,,N,203222.832341199,553922.115126192,127.03648821663978,37.58485043091963,POINT (127.03648821663978 37.58485043091963)
3510,,제기1교서측,1,3487.0,230.0,135-89도,200.0,200.0,1,2,,,,1.0,109.0,82-0000004116,,4364972.0,4116,10300.0,,N,203163.635180608,554109.695863351,127.03581880901498,37.586540725203626,POINT (127.03581880901498 37.586540725203626)
3511,,은하약국(경보),2,0.0,230.0,819도,200.0,200.0,1,1,,,,1.0,109.0,82-0000004675,,,4675,10400.0,,N,203904.139823311,553135.053768913,127.04419763966025,37.577756423445706,POINT (127.04419763966025 37.577756423445706)
3512,,동대문구민센터,1,0.0,230.0,473-6도,150.0,200.0,1,2,,,,2.0,109.0,82-0000002584,,,2584,10600.0,,N,206535.622005946,551854.165642488,127.07397645548966,37.566200781197885,POINT (127.07397645548966 37.566200781197885)
3515,,장평중(경보),1,0.0,230.0,477-14도,200.0,200.0,1,2,,,,2.0,109.0,82-0000004297,,,4297,10600.0,,N,206256.759249135,551783.008288215,127.0708194139203,37.56556159235325,POINT (127.0708194139203 37.56556159235325)
3516,,나나약국(경보),1,0.0,230.0,477-11도,200.0,200.0,1,2,,,,2.0,109.0,82-0000004529,,,4529,10600.0,,N,206399.855840795,552030.588442287,127.07244126393043,37.56779129498693,POINT (127.07244126393043 37.56779129498693)
3517,,장평초교(경보),1,0.0,230.0,476-6도,200.0,200.0,1,2,,,,2.0,109.0,82-0000003703,,,3703,10600.0,,N,206531.033121471,552593.532179052,127.07393109833545,37.57286246732549,POINT (127.07393109833545 37.57286246732549)
3518,,SK아파트105동앞(경보),1,0.0,230.0,10대,150.0,200.0,1,2,,,,2.0,109.0,82-0000003833,,,3833,10400.0,,N,205318.053860398,552887.429054888,127.06020234897214,37.5755182618027,POINT (127.06020234897214 37.5755182618027)
3519,,SK아파트201동앞(경보),1,0.0,230.0,10대,200.0,200.0,1,2,,,,2.0,109.0,82-0000002538,,,2538,10400.0,,N,205570.405249217,553041.652776057,127.06306023083764,37.57690631675475,POINT (127.06306023083764 37.57690631675475)
3520,,전동초교앞(경보),1,0.0,230.0,45-41 학,200.0,200.0,1,2,,,,2.0,109.0,82-0000000164,,,164,10400.0,,N,205392.062770907,553189.753479062,127.0610423805078,37.57824175605229,POINT (127.0610423805078 37.57824175605229)
3521,,동대문육아지원센터앞,1,0.0,230.0,472-70대,200.0,200.0,1,2,,,,2.0,109.0,82-0000003287,,4391242.0,3287,10500.0,,N,204278.271502722,552488.902264087,127.04842930472262,37.571932973123175,POINT (127.04842930472262 37.571932973123175)
3522,,태양의집(경보),1,0.0,230.0,672천,200.0,200.0,1,2,,,,2.0,109.0,82-0000005004,,,5004,10400.0,,N,204009.934693614,552754.384577723,127.04539323046922,37.574326161582654,POINT (127.04539323046922 37.574326161582654)
3523,,부품상가삼거리(연등),1,0.0,230.0,245-13제,200.0,200.0,1,2,,,,1.0,109.0,82-0000002348,,,2348,10600.0,,N,205246.292145928,551640.258993864,127.05938105834304,37.56428173403756,POINT (127.05938105834304 37.56428173403756)
3525,,삼육서울병원앞(경보),1,0.0,230.0,168-35대,200.0,200.0,1,2,,,,2.0,109.0,82-0000000406,,5315654.0,406,10900.0,,N,205515.474234018,554543.640566599,127.06244968365888,37.59043944900196,POINT (127.06244968365888 37.59043944900196)
3526,,휘경SK뷰,1,0.0,230.0,105-27대,200.0,200.0,1,2,,,,1.0,109.0,82-0000002349,,5326441.0,2349,10900.0,,N,205880.19677596,554958.884090022,127.06658263329643,37.59417850028383,POINT (127.06658263329643 37.59417850028383)
3527,,이경시장,1,0.0,230.0,154-28도,200.0,200.0,1,2,,,,2.0,109.0,82-0000004442,,,4442,10900.0,,N,205704.710309907,555007.096675466,127.06459594192553,37.594613995597086,POINT (127.06459594192553 37.594613995597086)
3528,,외대전철역(경보),1,0.0,230.0,368-5도,200.0,200.0,1,2,,,,2.0,109.0,82-0000001975,,,1975,11000.0,,N,205505.750194746,555105.949090141,127.06234380826746,37.595505858465934,POINT (127.06234380826746 37.595505858465934)
3529,,동답초교(경보),1,0.0,230.0,917도,200.0,200.0,1,2,,,,2.0,109.0,82-0000002447,,5321152.0,2447,10500.0,,N,205762.53242784,552513.76415861,127.06523107227116,37.572148889357436,POINT (127.06523107227116 37.572148889357436)
3530,,청솔우성아파트112동(경보),1,0.0,230.0,80-9도,200.0,200.0,1,2,,,,2.0,109.0,82-0000003288,,,3288,10500.0,,N,205431.782081582,552776.808338823,127.06148897457224,37.57452091206514,POINT (127.06148897457224 37.57452091206514)
3531,,신답초교옆(경보),1,0.0,230.0,544-2도,200.0,200.0,1,2,,,,2.0,109.0,82-0000005293,,,5293,10500.0,,N,203773.678278592,552605.580714638,127.04271799737664,37.57298644488685,POINT (127.04271799737664 37.57298644488685)
3532,,전농초교,3,0.0,230.0,362-6 대,200.0,200.0,1,2,,,,1.0,109.0,82-0000004078,,5302007.0,4078,10400.0,,N,204713.5997179,552780.20463775,127.0533590166773,37.57455546719282,POINT (127.0533590166773 37.57455546719282)
3533,,중랑지하차도(경보),1,0.0,230.0,119-3대,200.0,200.0,1,2,,,,1.0,109.0,82-0000000615,,,615,10900.0,,N,206048.948981575,554944.502258296,127.06849332796229,37.594047827880516,POINT (127.06849332796229 37.594047827880516)
3534,,동부센트레빌앞,1,0.0,230.0,42-4 구,200.0,200.0,1,2,,,,2.0,109.0,82-0000001976,,5325662.0,1976,10900.0,,N,205987.461765984,554598.371773636,127.06779426867384,37.59092962414015,POINT (127.06779426867384 37.59092962414015)
3536,,안암동(연등)1,1,6437.0,290.0,126-16학,190.0,190.0,1,2,,,,1.0,107.0,82-0000004859,,4353345.0,4859,12500.0,,N,202361.576946103,553467.69383691,127.02673580467474,37.580758736693916,POINT (127.02673580467474 37.580758736693916)
3537,,안암동(연등)2,1,6437.0,230.0,136-1대,190.0,190.0,1,2,,,,1.0,109.0,82-0000002442,,4353015.0,2442,10200.0,,N,202190.79945792,553322.022028501,127.0248019691721,37.57944666480747,POINT (127.0248019691721 37.57944666480747)
3722,,석관중(연등),1,3720.0,230.0,43-1도,150.0,320.0,1,2,,,,1.0,109.0,82-0000004255,,,4255,11000.0,,N,205882.127322211,556259.291097973,127.06661493878006,37.605895027806866,POINT (127.06661493878006 37.605895027806866)
635,,서울시립대앞,3,0.0,230.0,103-25대,200.0,200.0,1,2,,,,1.0,109.0,82-0000000981,,5304102.0,981,10400.0,,N,204733.197595563,553761.382674918,127.0535872043085,37.58339571852194,POINT (127.0535872043085 37.58339571852194)
657,,시립동부병원앞,3,0.0,230.0,112-75대,200.0,200.0,1,2,,,,1.0,109.0,82-0000004084,,4361093.0,4084,10200.0,,N,202707.563659868,552709.862991904,127.03064997836184,37.57392977285973,POINT (127.03064997836184 37.57392977285973)
48,,회기역앞,3,0.0,230.0,346-99 종,200.0,200.0,1,2,,,,1.0,109.0,82-0000003433,,5305552.0,3433,10800.0,,N,204941.118067304,554502.680739829,127.05594618705588,37.59007366585228,POINT (127.05594618705588 37.59007366585228)
49,,시조사삼거리,3,0.0,230.0,67-7도,150.0,200.0,1,2,,,,1.0,109.0,82-0000003176,,,3176,10800.0,,N,204746.696487982,554300.433543869,127.0537435245059,37.58825245748404,POINT (127.0537435245059 37.58825245748404)
50,,홍파초교,3,0.0,230.0,856도,150.0,200.0,1,2,,,,1.0,109.0,82-0000001249,,,1249,10300.0,,N,203389.44734022,554115.832411072,127.03837549154869,37.58659521154727,POINT (127.03837549154869 37.58659521154727)
55,,신답역,3,0.0,230.0,524-1도,150.0,200.0,1,2,,,,1.0,109.0,82-0000001776,,,1776,10500.0,,N,204302.400963976,552257.120012785,127.04870108620058,37.569844514362714,POINT (127.04870108620058 37.569844514362714)
88,,동대문구청,3,0.0,230.0,47-1도,150.0,200.0,1,2,,,,1.0,109.0,82-0000002779,,,2779,10200.0,,N,203363.321789362,552728.376418257,127.03807333059393,37.57409441713838,POINT (127.03807333059393 37.57409441713838)
89,,동대문중,3,0.0,230.0,524-1도,150.0,200.0,1,2,,,,1.0,109.0,82-0000001225,,,1225,10500.0,,N,204613.498946503,552647.185739044,127.05222501675019,37.57335748106091,POINT (127.05222501675019 37.57335748106091)
90,,답십리사거리,3,0.0,230.0,68-6대,150.0,200.0,1,2,,,,1.0,109.0,82-0000003261,,,3261,10500.0,,N,205072.558158584,552596.290059829,127.05742123342682,37.572896500535926,POINT (127.05742123342682 37.572896500535926)
149,,답십리역,3,0.0,200.0,127도,180.0,180.0,1,2,,,,1.0,109.0,82-0000000970,,,970,12200.0,,N,204833.453875921,551757.199114833,127.05470905005924,37.56533761737164,POINT (127.05470905005924 37.56533761737164)
168,,영휘원앞,3,0.0,230.0,819도,150.0,200.0,1,2,,,,1.0,109.0,82-0000002892,,,2892,10700.0,,N,203805.068147653,554130.185254031,127.04308124440182,37.5867229059472,POINT (127.04308124440182 37.5867229059472)
252,,배봉초교,3,0.0,230.0,95-1대,200.0,200.0,1,2,,,,1.0,109.0,82-0000004898,,5322792.0,4898,10600.0,,N,206043.927049627,553237.054149615,127.06842238093066,37.57866388536098,POINT (127.06842238093066 37.57866388536098)
272,,이문동삼거리,3,0.0,230.0,330-33대,200.0,200.0,1,2,,,,1.0,109.0,82-0000002103,,5318632.0,2103,11000.0,,N,205479.66977013,555935.798508722,127.06205469882299,37.60298287779672,POINT (127.06205469882299 37.60298287779672)
274,,외국어대,3,0.0,230.0,262-7대,200.0,200.0,1,2,,,,1.0,109.0,82-0000004354,,5316292.0,4354,11000.0,,N,205323.501643019,555211.27599463,127.06028090173515,37.59645591633974,POINT (127.06028090173515 37.59645591633974)
302,,삼육서울병원앞,3,0.0,230.0,168-82대,200.0,200.0,1,2,,,,1.0,109.0,82-0000003347,,5315655.0,3347,10900.0,,N,205507.981148403,554512.155359468,127.06236460555111,37.59015581473182,POINT (127.06236460555111 37.59015581473182)
304,,떡전교사거리,3,0.0,230.0,620-67도,150.0,200.0,1,2,,,,1.0,109.0,82-0000002863,,,2863,10700.0,,N,204547.048016631,554015.75053075,127.05148127879555,37.58568849258385,POINT (127.05148127879555 37.58568849258385)
332,,장안동삼거리,2,0.0,230.0,49-155대,200.0,200.0,1,2,,,,1.0,109.0,82-0000000355,,5333402.0,355,10600.0,,N,206378.811923759,553257.5631205,127.0722137375444,37.57884641151423,POINT (127.0722137375444 37.57884641151423)
362,,용두동사거리,3,0.0,230.0,237-10도,150.0,200.0,1,2,,,,1.0,109.0,82-0000001777,,,1777,10200.0,,Y,202690.631880123,553134.514194561,127.0304598668229,37.57775590601088,POINT (127.0304598668229 37.57775590601088)
366,,장안동사거리,3,0.0,230.0,469-15도,150.0,200.0,1,2,,,,1.0,109.0,82-0000002894,,,2894,10600.0,,N,206332.828648412,552536.817926914,127.07168694150185,37.572352858914854,POINT (127.07168694150185 37.572352858914854)
373,,장한평역,3,0.0,230.0,472-2도,150.0,200.0,1,2,,,,1.0,109.0,82-0000000857,,,857,10600.0,,N,205709.485901653,551330.221890865,127.06462138060786,37.561485559051086,POINT (127.06462138060786 37.561485559051086)
396,,세종대왕기념관,2,0.0,230.0,산1-199임,200.0,200.0,1,2,,,,1.0,109.0,82-0000005111,,4385172.0,5111,10700.0,,N,203752.186404684,554647.164002633,127.04248516132246,37.59138106143643,POINT (127.04248516132246 37.59138106143643)
468,,중랑교,3,0.0,230.0,42-4 구,150.0,200.0,1,2,,,,1.0,109.0,82-0000002352,,,2352,10900.0,,Y,205936.582965945,554668.976318386,127.06721875548315,37.59156609459458,POINT (127.06721875548315 37.59156609459458)
470,,전농1동,3,0.0,230.0,666도,200.0,200.0,1,2,,,,1.0,109.0,82-0000002872,,4392032.0,2872,10400.0,,N,204201.794037708,552942.861023383,127.0475661945313,37.57602346853607,POINT (127.0475661945313 37.57602346853607)
499,,성바오로병원,3,0.0,230.0,65도,150.0,200.0,1,2,,,,1.0,109.0,82-0000004177,,,4177,10300.0,,N,203747.977337004,553307.254415003,127.04243065011126,37.57930858936099,POINT (127.04243065011126 37.57930858936099)
500,,경동시장,3,0.0,230.0,65도,150.0,200.0,1,2,,,,1.0,109.0,82-0000002553,,,2553,10300.0,,N,203386.639849078,553181.778835726,127.03833938902352,37.57817946154752,POINT (127.03833938902352 37.57817946154752)
502,,촬영소사거리,3,0.0,230.0,147-1 도,150.0,200.0,1,2,,,,1.0,109.0,82-0000003573,,,3573,10600.0,,N,205860.191693433,552581.901147857,127.06633710554198,37.57276218382578,POINT (127.06633710554198 37.57276218382578)
531,,경희대,2,0.0,230.0,16-59도,150.0,200.0,1,2,,,,1.0,109.0,82-0000002785,,,2785,10800.0,,N,204617.890726325,554670.133646007,127.05228747771737,37.59158408081391,POINT (127.05228747771737 37.59158408081391)
536,,청계9가,3,0.0,230.0,127-4대,200.0,200.0,1,2,,,,1.0,109.0,82-0000000686,,4361006.0,686,10200.0,,N,202680.669537719,552285.61412023,127.03034398249955,37.57010739045976,POINT (127.03034398249955 37.57010739045976)
560,,고려대역,2,0.0,230.0,7-99대,200.0,200.0,1,2,,,,1.0,109.0,82-0000002907,,4375072.0,2907,10300.0,,N,203213.797798792,554622.52511741,127.03638900156803,37.591161103853935,POINT (127.03638900156803 37.591161103853935)
561,,고려대역(연등),2,560.0,230.0,28-347구,200.0,200.0,1,2,,,,1.0,109.0,82-0000004687,,4375044.0,4687,10300.0,,N,203219.54368506,554459.505044358,127.03645334435586,37.58969228578234,POINT (127.03645334435586 37.58969228578234)
565,,전농동사거리,3,0.0,230.0,295-17도,150.0,200.0,1,2,,,,1.0,109.0,82-0000001080,,,1080,10400.0,,N,205106.827929125,553109.598082012,127.05781274151305,37.57752118652117,POINT (127.05781274151305 37.57752118652117)
591,,청량리역,3,0.0,230.0,235-11대,200.0,200.0,1,2,,,,1.0,109.0,82-0000000182,,4383532.0,182,10700.0,,N,203976.911484744,553403.096202655,127.04502292056341,37.58017115775281,POINT (127.04502292056341 37.58017115775281)
6505,,답십리래미안위브106동앞,1,,230.0,311 도,200.0,200.0,1,2,,,,1.0,109.0,82-0000006175,,5301266.0,6175,10500.0,,N,204786.412188574,552591.359008673,127.05418203727318,37.572853603122226,POINT (127.05418203727318 37.572853603122226)
6506,,성복교회,1,,230.0,,200.0,200.0,1,2,,,,1.0,109.0,82-0000006176,,5341251.0,6176,10600.0,,N,206790.123646615,552525.321622165,127.0768633612879,37.5722460209963,POINT (127.0768633612879 37.5722460209963)
6508,,청량초교(연등)1,1,3358.0,230.0,,200.0,200.0,1,2,,,,1.0,109.0,82-0000006178,,5306923.0,6178,11000.0,,N,205131.047259925,554855.403169534,127.05809914431688,37.593250626579426,POINT (127.05809914431688 37.593250626579426)
6511,,장안LPG(연등),1,3468.0,230.0,,200.0,200.0,1,2,,,,1.0,109.0,82-0000006181,,5322523.0,6181,10500.0,,N,205955.903446434,552878.057174613,127.06742296321345,37.575429918562975,POINT (127.06742296321345 37.575429918562975)
6509,,청량초교(연등)2,1,3358.0,230.0,,200.0,200.0,1,2,,,,1.0,109.0,82-0000006179,,5306931.0,6179,11000.0,,N,205156.842821111,554901.355262252,127.05839155229977,37.59366450682948,POINT (127.05839155229977 37.59366450682948)
6512,,소화물창고(연등),2,,230.0,127-81 대,200.0,200.0,1,2,,,,1.0,109.0,82-0000006182,,4393623.0,6182,10400.0,,N,204482.573847059,553377.00819166,127.05074740155283,37.57993378426384,POINT (127.05074740155283 37.57993378426384)
5804,,용두교옆(경보),1,0.0,230.0,,200.0,200.0,1,2,,,,2.0,109.0,82-0000003427,,,3427,10200.0,,N,203088.94290347,553111.261712618,127.03496893224454,37.57754515291243,POINT (127.03496893224454 37.57754515291243)
5805,,동대문중(경보),1,0.0,230.0,325-49대,200.0,200.0,1,2,,,,1.0,109.0,82-0000003428,,5301062.0,3428,10500.0,,N,204714.610169025,552598.162213001,127.05336928470965,37.57291526986864,POINT (127.05336928470965 37.57291526986864)
5806,,휘봉초교,1,0.0,230.0,1338-12천,200.0,200.0,1,2,,,,2.0,109.0,82-0000003182,,5324992.0,3182,10900.0,,N,206174.854520066,554233.722646237,127.06991298710882,37.58764292767516,POINT (127.06991298710882 37.58764292767516)
5807,,장안아파트1단지앞(경보),1,0.0,230.0,,200.0,200.0,1,2,,,,2.0,109.0,82-0000003495,,,3495,10600.0,,N,206523.669126272,552329.53951019,127.07384538968708,37.57048396030453,POINT (127.07384538968708 37.57048396030453)
5836,,장안시영아파트후문(경보),1,0.0,230.0,,200.0,200.0,1,2,,,,2.0,109.0,82-0000005534,,,5534,10600.0,,N,206546.687469079,552897.439357054,127.07411101841778,37.57560054170391,POINT (127.07411101841778 37.57560054170391)
5894,,장안현대홈타운(연등),1,0.0,230.0,332-5 대,200.0,200.0,1,2,,,,2.0,109.0,82-0000005833,,5340092.0,5833,10600.0,,N,206701.796345681,552236.072020269,127.07586086459422,37.569640544797466,POINT (127.07586086459422 37.569640544797466)
5979,,한국스포렉스,1,0.0,230.0,237-15도,200.0,200.0,1,2,,,,1.0,109.0,82-0000005978,,4361062.0,5978,10200.0,,N,202701.958374407,552553.668619309,127.03058595024456,37.57252248614735,POINT (127.03058595024456 37.57252248614735)
6003,,휘경동입구(경보),1,0.0,230.0,,200.0,200.0,1,2,,,,1.0,109.0,82-0000005971,,,5971,10900.0,,N,204856.498905341,554253.761454447,127.05498643062042,37.58783137298298,POINT (127.05498643062042 37.58783137298298)
6091,,청량리민자역사고가,2,0.0,230.0,,200.0,200.0,1,2,,,,2.0,109.0,82-0000005934,,,5934,10400.0,,N,204413.615890414,553538.526399438,127.04996769854615,37.58138938575373,POINT (127.04996769854615 37.58138938575373)
6126,,기타1(동대문권역),1,0.0,230.0,,200.0,200.0,1,2,,,,2.0,109.0,82-0000005940,,,5940,10900.0,,N,205786.450391728,553962.805354285,127.06551325820074,37.58520450644132,POINT (127.06551325820074 37.58520450644132)
6158,,두산베어스타운앞,1,0.0,230.0,,150.0,200.0,1,2,,,,1.0,109.0,82-0000005435,,,5435,10200.0,,N,202886.232601213,553176.069286779,127.03267436941017,37.578129722791054,POINT (127.03267436941017 37.578129722791054)
6193,,청계한신휴플러스정문,2,0.0,230.0,542도,200.0,200.0,1,2,,,,1.0,109.0,82-0000005857,,4381673.0,5857,10500.0,,N,203998.219068207,552629.848010615,127.04525992830528,37.57320414480824,POINT (127.04525992830528 37.57320414480824)
6286,,신한은행신설지점,1,0.0,230.0,53-3 대,200.0,200.0,1,2,,,,1.0,109.0,82-0000005861,,4342704.0,5861,10100.0,,N,202056.801265882,552774.248787612,127.02328344333812,37.57451156823676,POINT (127.02328344333812 37.57451156823676)
5677,,장평중옆성원빌라(경보),1,0.0,230.0,,200.0,200.0,1,2,,,,2.0,109.0,82-0000003425,,,3425,10600.0,,N,206104.599036925,551774.2785474,127.06909706151627,37.56548395833616,POINT (127.06909706151627 37.56548395833616)
5705,,신이문역앞,1,0.0,230.0,360-3철,200.0,200.0,1,2,,,,2.0,109.0,82-0000000002,,5328432.0,2,11000.0,,N,205911.934762418,555940.542379913,127.06694993316259,37.603022944211766,POINT (127.06694993316259 37.603022944211766)
5730,,장안지하차도(연등),1,0.0,230.0,1049-12천,200.0,200.0,1,2,,,,1.0,109.0,82-0000005532,,5333822.0,5532,10600.0,,N,206605.527911231,553365.289583291,127.07478132985081,37.579815421644504,POINT (127.07478132985081 37.579815421644504)
5751,,휘경여중고(연등),1,3472.0,230.0,366 대,200.0,200.0,1,2,,,,1.0,109.0,82-0000001756,,5324634.0,1756,10900.0,,N,205982.857558261,553923.695994586,127.06773662777718,37.58485087893926,POINT (127.06773662777718 37.58485087893926)
5777,,홍능주유소,1,0.0,230.0,산1-157임,200.0,200.0,1,2,,,,2.0,109.0,82-0000000936,,4385213.0,936,10700.0,,N,203780.985199084,554309.598339802,127.04280950144467,37.58833950356793,POINT (127.04280950144467 37.58833950356793)
5288,,답십리삼거리,3,0.0,230.0,530-26천,150.0,200.0,1,2,,,,1.0,109.0,82-0000003134,,,3134,10500.0,,N,204989.602796116,551615.720999435,127.05647551029645,37.56406207326547,POINT (127.05647551029645 37.56406207326547)
5334,,석관대우아파트,2,0.0,230.0,,150.0,200.0,1,2,,,,2.0,109.0,82-0000005125,,,5125,11000.0,,N,206276.016314306,555894.058305209,127.07107258746952,37.602601716579635,POINT (127.07107258746952 37.602601716579635)
5351,,동부지하차도,2,0.0,230.0,,200.0,200.0,1,2,,,,1.0,109.0,82-0000004762,,5338174.0,4762,11000.0,,N,206247.56725743,556147.414630332,127.07075257899146,37.60488462420588,POINT (127.07075257899146 37.60488462420588)
5355,,외환은행휘경점,1,0.0,230.0,179-9 공,200.0,200.0,1,2,,,,1.0,109.0,82-0000004764,,5315332.0,4764,10900.0,,N,205329.022567996,554442.351746041,127.06033782446417,37.5895279430449,POINT (127.06033782446417 37.5895279430449)
5497,,신관상사,1,0.0,230.0,532-1 도,200.0,200.0,1,2,,,,1.0,109.0,82-0000004596,,5300331.0,4596,10500.0,,N,204829.822590313,551915.276130468,127.05466898901484,37.566761903385334,POINT (127.05466898901484 37.566761903385334)
5542,,청원파크빌,2,3457.0,230.0,2-17도,200.0,200.0,1,2,,,,1.0,109.0,82-0000005369,,5310741.0,5369,10500.0,,N,205534.85036228,551997.047849907,127.06264984447498,37.56749469770905,POINT (127.06264984447498 37.56749469770905)
5566,,청량리민자역사앞,1,0.0,230.0,,150.0,200.0,1,2,,,,1.0,109.0,82-0000004626,,,4626,10400.0,,N,204133.969591859,553538.412028238,127.04680175009864,37.58138965295302,POINT (127.04680175009864 37.58138965295302)
7616,,성복교회(연등)2,2,,230.0,727-24천,200.0,200.0,1,2,,,,1.0,109.0,82-0000007286,,5341242.0,7286,10600.0,,,206785.98435889,552469.351253359,127.07681598715259,37.571741761660675,POINT (127.07681598715259 37.571741761660675)
5072,,이문우체국,1,274.0,230.0,292-261 대,150.0,200.0,1,2,,,,1.0,109.0,82-0000003731,,,3731,11000.0,,N,205456.413726716,555510.228210663,127.0617881639846,37.59914866955517,POINT (127.0617881639846 37.59914866955517)
3368,,이문쌍용아파트,1,0.0,230.0,59답,150.0,200.0,1,2,,,,1.0,109.0,82-0000001963,,,1963,11000.0,,N,206112.1674397,555508.485634222,127.06921386793188,37.599128848027796,POINT (127.06921386793188 37.599128848027796)
3425,,우리은행장안,3,0.0,230.0,469-9도,150.0,200.0,1,2,,,,2.0,109.0,82-0000003574,,,3574,10600.0,,N,205977.104236584,551833.161990458,127.06765444729994,37.56601533124209,POINT (127.06765444729994 37.56601533124209)
3491,,동대문경찰서,3,0.0,230.0,819도,150.0,200.0,1,2,,,,2.0,109.0,82-0000004393,,,4393,10700.0,,N,203909.816125388,553731.979169974,127.04426508341933,37.58313465873677,POINT (127.04426508341933 37.58313465873677)
3481,,체성회,1,0.0,230.0,34도,150.0,200.0,1,2,,,,1.0,109.0,82-0000001054,,,1054,10700.0,,N,204432.403068192,554051.808774746,127.05018349730811,37.58601393367697,POINT (127.05018349730811 37.58601393367697)
3486,,양문교회앞,2,50.0,230.0,856도,150.0,200.0,1,2,,,,1.0,109.0,82-0000003436,,,3436,10300.0,,N,203267.701895945,554110.131155275,127.03699705841126,37.58654428373342,POINT (127.03699705841126 37.58654428373342)
276,,장안지하차도,3,0.0,230.0,727-640천,200.0,200.0,1,2,,,,1.0,109.0,82-0000005324,,5343034.0,5324,10600.0,,N,206704.023462446,553402.942479107,127.07589674367475,37.58015395998267,POINT (127.07589674367475 37.58015395998267)
7745,,이문우체국(연등),1,,230.0,256-231대,200.0,200.0,1,2,,,,1.0,109.0,82-0000007415,,5317562.0,7415,11000.0,,,205470.332001941,555584.015292274,127.06194632496016,37.59981340144527,POINT (127.06194632496016 37.59981340144527)
3342,,용두4교,1,0.0,230.0,47-12천,150.0,200.0,1,2,,,,1.0,109.0,82-0000001068,,,1068,10200.0,,N,203096.922002827,552723.977533558,127.03505762515385,37.574055717501174,POINT (127.03505762515385 37.574055717501174)
6988,,청솔우성아파트,2,,230.0,30-1도,200.0,200.0,1,2,,,,1.0,109.0,82-0000006658,,5302812.0,6658,10500.0,,,205090.760442345,552816.517139216,127.05762881174152,37.574880633713526,POINT (127.05762881174152 37.574880633713526)
6975,,답십리래미안위브309동앞,3,,230.0,105-1학,200.0,200.0,1,2,,,,2.0,109.0,82-0000006645,,5301132.0,6645,10500.0,,,204759.291230457,552409.841493599,127.05387385090881,37.57121828042301,POINT (127.05387385090881 37.57121828042301)
7309,,종암대교(연등)2,2,3352.0,230.0,산1-218도,200.0,200.0,1,2,,,,1.0,109.0,82-0000006979,,4375872.0,6979,10700.0,,,203586.434926643,554637.385685253,127.04060834725173,37.5912936201906,POINT (127.04060834725173 37.5912936201906)
7322,,용두119안전센터앞,2,,230.0,274-35대,200.0,200.0,1,2,,,,1.0,109.0,82-0000006992,,4362283.0,6992,10200.0,,,202808.991206555,553176.687662278,127.03179994000286,37.578135533111706,POINT (127.03179994000286 37.578135533111706)
7740,,안암오거리(연등)2,3,,230.0,103-9 대,190.0,190.0,1,2,,,,1.0,109.0,82-0000007410,,4353882.0,7410,10300.0,,,202615.07082573,553650.6679762,127.02960630345802,37.582406636972735,POINT (127.02960630345802 37.582406636972735)
7746,,체성회(연등),2,,230.0,60대,200.0,200.0,1,2,,,,1.0,109.0,82-0000007416,,4394362.0,7416,10700.0,,,204334.980494428,554079.104877346,127.0490806445201,37.586260333330124,POINT (127.0490806445201 37.586260333330124)
6974,,동문장애인복지관앞,2,,230.0,1338-12천,200.0,200.0,1,2,,,,1.0,109.0,82-0000006644,,5334603.0,6644,10900.0,,,206492.409876204,553753.910210755,127.07350416133872,37.583317670238465,POINT (127.07350416133872 37.583317670238465)
6986,,청량리역(연등)1,1,591.0,230.0,235-11대,200.0,200.0,1,2,,,,1.0,109.0,82-0000006656,,4383734.0,6656,10400.0,,,204058.145006352,553446.748066188,127.04594281290791,37.58056410388515,POINT (127.04594281290791 37.58056410388515)
7012,,포레스트스퀘어,3,,230.0,36-1도,200.0,200.0,1,2,,,,1.0,109.0,82-0000006682,,5300763.0,6682,10500.0,,,205035.069400469,552050.76015798,127.05699311633569,37.56798150956808,POINT (127.05699311633569 37.56798150956808)
7617,,청량리역(연등)3,1,,230.0,235-10대,200.0,200.0,1,2,,,,1.0,109.0,82-0000007287,,4383643.0,7287,10700.0,,,203978.399978609,553470.397121738,127.04504013719273,37.58077752825575,POINT (127.04504013719273 37.58077752825575)
6976,,롯데캐슬리치후문,1,,230.0,148-43대,200.0,200.0,1,2,,,,1.0,109.0,82-0000006646,,4353922.0,6646,10200.0,,,202653.606694602,553397.03724526,127.03004166575525,37.580121330163415,POINT (127.03004166575525 37.580121330163415)
7275,,경희중(연등),1,3359.0,230.0,328-2도,200.0,200.0,1,2,,,,1.0,109.0,82-0000006945,,5316161.0,6945,11000.0,,,205261.292347786,555101.795771121,127.05957568600775,37.59546986709876,POINT (127.05957568600775 37.59546986709876)
6806,,2기동단앞,1,,230.0,52대,200.0,200.0,1,2,,,,1.0,109.0,82-0000006476,,5333511.0,6476,10600.0,,,206470.056222746,553303.395233864,127.07324710667697,37.57925871936154,POINT (127.07324710667697 37.57925871936154)
7741,,안암오거리(연등)3,1,,230.0,86-132대,190.0,190.0,1,2,,,,1.0,109.0,82-0000007411,,4353982.0,7411,10300.0,,,202649.144962361,553679.463021252,127.02999217494899,37.582665981037366,POINT (127.02999217494899 37.582665981037366)
7313,,촬영소사거리(연등)2,1,502.0,230.0,127-20대,200.0,200.0,1,2,,,,1.0,109.0,82-0000006983,,5321662.0,6983,10600.0,,,205980.709177947,552575.12242761,127.06770130187665,37.572700333451046,POINT (127.06770130187665 37.572700333451046)
7755,,떡전교사거리(연등)1,1,,230.0,65-143도,200.0,200.0,1,2,,,,1.0,109.0,82-0000007425,,4394862.0,7425,10700.0,,,204593.179814354,554080.65898492,127.05200398561281,37.58627308400491,POINT (127.05200398561281 37.58627308400491)
7276,,경희초교(연등),2,3355.0,230.0,1-5 학,200.0,200.0,1,2,,,,1.0,109.0,82-0000006946,,4395682.0,6946,10800.0,,,204487.217423007,554658.682020651,127.05080781974125,37.59148154877891,POINT (127.05080781974125 37.59148154877891)
7284,,동대문소방서(연등),1,3427.0,230.0,478-12도,200.0,200.0,1,2,,,,1.0,109.0,82-0000006954,,5229373.0,6954,10600.0,,,205865.997667119,551627.711079982,127.06639519725215,37.56416494162264,POINT (127.06639519725215 37.56416494162264)
7378,,장안아파트입구(연등),2,,230.0,329-3대,200.0,200.0,1,2,,,,1.0,109.0,82-0000007048,,5331655.0,7048,10600.0,,,206519.326494482,552523.130124271,127.07379795385665,37.57222823175428,POINT (127.07379795385665 37.57222823175428)
7367,,기타(성동도로사업소권역),1,,230.0,469-12도,200.0,200.0,1,2,,,,2.0,109.0,82-0000007037,,5229442.0,7037,10600.0,,,205895.133903453,551472.975206413,127.06672373660517,37.56277059197109,POINT (127.06672373660517 37.56277059197109)
6967,,청계8가,3,,230.0,96-11도,200.0,200.0,1,2,,,,1.0,109.0,82-0000006637,,4341745.0,6637,10100.0,,,202065.516641169,552497.417048891,127.02338132349146,37.57201730904396,POINT (127.02338132349146 37.57201730904396)
7363,,휘봉초교(경보),1,,230.0,49-222도,200.0,200.0,1,2,,,,2.0,109.0,82-0000007033,,5334162.0,7033,10900.0,,,206254.880749421,554111.103746087,127.07081801340686,37.58653760091606,POINT (127.07081801340686 37.58653760091606)
6987,,청량리역(연등)2,1,591.0,230.0,235-11대,200.0,200.0,1,2,,,,2.0,109.0,82-0000006657,,4383624.0,6657,10400.0,,,203996.096933377,553358.516373802,127.04523987740943,37.57976941330244,POINT (127.04523987740943 37.57976941330244)
6979,,청량리119안전센터,1,,230.0,65-76대,200.0,200.0,1,2,,,,1.0,109.0,82-0000006649,,4394982.0,6649,10700.0,,,204655.188519103,554179.731936778,127.05270667734379,37.587165412457004,POINT (127.05270667734379 37.587165412457004)
8153,,복지장안충전소,1,,230.0,106-20대,200.0,200.0,1,2,,,,1.0,109.0,82-0000007823,,5322651.0,7823,10600.0,,N,205989.025249999,553020.839519869,127.06779908003169,37.57671616398015,POINT (127.06779908003169 37.57671616398015)
7977,,한양빌라,2,,230.0,335-8대,,,1,1,,,,,,82-0000007647,,,7647,10600.0,,N,206442.832184465,552148.098518799,127.0729287537631,37.568849755341695,POINT (127.0729287537631 37.568849755341695)
8618,,휘경1동주민센터(연등),1,,230.0,85-101도,200.0,200.0,1,2,,,,2.0,109.0,82-0000008288,,5326021.0,8288,10900.0,,N,205716.592479999,554870.00842987,127.06472941694291,37.59337876889789,POINT (127.06472941694291 37.59337876889789)
8422,,홍능주유소(연등),2,,230.0,산1-157임,200.0,200.0,1,2,,,,1.0,109.0,82-0000008092,,4385201.0,8092,10700.0,,N,203788.877569999,554266.693289871,127.04289863946204,37.587952899890844,POINT (127.04289863946204 37.587952899890844)
8711,,용두교앞(연등),1,,230.0,982-1대,200.0,200.0,1,1,,,,1.0,109.0,82-0000008381,,4372181.0,8381,10300.0,,N,203229.954148541,553182.98697227,127.03656559106463,37.578190909550834,POINT (127.03656559106463 37.578190909550834)
7959,,은하약국,2,,230.0,819도,200.0,200.0,1,1,,,,2.0,109.0,82-0000007629,,4382471.0,7629,10400.0,,,203905.40880192,553137.334226133,127.04421201754539,37.577776964848105,POINT (127.04421201754539 37.577776964848105)
8169,,배봉초교(연등)2,1,252.0,230.0,산32-20임,200.0,200.0,1,1,,,,1.0,109.0,82-0000007839,,5322492.0,7839,10400.0,,N,205915.70569,553229.00256974,127.06697074232028,37.57859217358457,POINT (127.06697074232028 37.57859217358457)
8174,,휘경SK뷰(연등),1,3526.0,230.0,112-12대,200.0,200.0,1,2,,,,1.0,109.0,82-0000007844,,5326241.0,7844,10900.0,,N,205788.381549999,554985.876609872,127.0655432052293,37.59442228238428,POINT (127.0655432052293 37.59442228238428)
8024,,동대문육아지원센터앞(연등),2,,230.0,539도,200.0,200.0,1,2,,,,1.0,109.0,82-0000007694,,4391151.0,7694,10500.0,,N,204255.861860001,552506.567439871,127.04817573398924,37.57209223922817,POINT (127.04817573398924 37.57209223922817)
8582,,답십리초교정문,2,,230.0,250-12대,200.0,200.0,1,2,,,,2.0,109.0,82-0000008252,,5300582.0,8252,10500.0,,N,204952.163950001,552157.07443974,127.05605540859851,37.56893984546361,POINT (127.05605540859851 37.56893984546361)
8617,,휘경1동주민센터,1,,230.0,86-9대,200.0,200.0,1,2,,,,2.0,109.0,82-0000008287,,5326111.0,8287,10900.0,,N,205770.568260001,554808.433919871,127.06534010344309,37.59282365116839,POINT (127.06534010344309 37.59282365116839)
6058,,휘경동청년주택,1,0.0,230.0,255-22 도,200.0,200.0,1,2,,,,1.0,109.0,82-0000005647,,5315032.0,5647,10900.0,,N,205205.173879464,554402.033058945,127.05893526271913,37.58916538339706,POINT (127.05893526271913 37.58916538339706)
8657,,경희의료원,3,,230.0,1-5 학,200.0,200.0,1,2,,,,2.0,109.0,82-0000008327,,4396902.0,8327,10800.0,,N,204637.84817212,554785.068423613,127.05251417954125,37.59261953325125,POINT (127.05251417954125 37.59261953325125)
8013,,청량리역롯데캐슬,2,,230.0,620-67도,200.0,200.0,1,2,,,,1.0,109.0,82-0000007683,,4382571.0,7683,10200.0,,N,203951.688145716,553101.607855404,127.04473574005391,37.57745487501755,POINT (127.04473574005391 37.57745487501755)
8529,,마장진출램프,1,,230.0,792 대,200.0,200.0,1,2,,,,2.0,109.0,82-0000008199,,4361851.0,8199,10200.0,,N,203094.307839999,552522.133299871,127.0350271806755,37.57223712029927,POINT (127.0350271806755 37.57223712029927)
8528,,마장진입램프,1,,230.0,792 대,200.0,200.0,1,2,,,,1.0,109.0,82-0000008198,,4371061.0,8198,10200.0,,N,203180.265749999,552556.27244987,127.03600036143449,37.57254441957855,POINT (127.03600036143449 37.57254441957855)
