관리번호,위도,경도,geometry
겸재교1-01,37.585726,127.071579,POINT (127.071579 37.585726)
겸재교1-02,37.585568,127.071684,POINT (127.071684 37.585568)
겸재교1-03,37.58543,127.071795,POINT (127.071795 37.58543)
겸재교1-04,37.585255,127.071938,POINT (127.071938 37.585255)
겸재교1-05,37.58511,127.072061,POINT (127.072061 37.58511)
겸재교1-06,37.585088,127.072139,POINT (127.072139 37.585088)
겸재교1-23,37.584775,127.072318,POINT (127.072318 37.584775)
겸재교1-25,37.584504,127.072556,POINT (127.072556 37.584504)
겸재교1-26,37.584344,127.072673,POINT (127.072673 37.584344)
겸재교1-27,37.584201,127.072791,POINT (127.072791 37.584201)
겸재교1-28,37.584909,127.07186,POINT (127.07186 37.584909)
겸재교1-29,37.584894,127.071773,POINT (127.071773 37.584894)
겸재교1-30,37.584872,127.071686,POINT (127.071686 37.584872)
겸재교1-31,37.584855,127.0716,POINT (127.0716 37.584855)
겸재교1-32,37.584835,127.071516,POINT (127.071516 37.584835)
겸재교1-33,37.584818,127.07143,POINT (127.07143 37.584818)
겸재교1-34,37.584798,127.071334,POINT (127.071334 37.584798)
겸재교1-35,37.584783,127.071259,POINT (127.071259 37.584783)
겸재교1-36,37.584764,127.071182,POINT (127.071182 37.584764)
겸재교1-37,37.584645,127.071207,POINT (127.071207 37.584645)
겸재교1-38,37.584663,127.071278,POINT (127.071278 37.584663)
겸재교1-39,37.584676,127.071365,POINT (127.071365 37.584676)
겸재교1-40,37.584699,127.07145,POINT (127.07145 37.584699)
겸재교1-41,37.584716,127.071537,POINT (127.071537 37.584716)
겸재교1-42,37.584736,127.071628,POINT (127.071628 37.584736)
겸재교1-43,37.584751,127.071698,POINT (127.071698 37.584751)
겸재교1-44,37.584771,127.071791,POINT (127.071791 37.584771)
겸재교1-45,37.584798,127.071885,POINT (127.071885 37.584798)
군자교-05,37.560112,127.072352,POINT (127.072352 37.560112)
군자교-06,37.560196,127.072135,POINT (127.072135 37.560196)
군자교-07,37.560284,127.071906,POINT (127.071906 37.560284)
군자교-08,37.560385,127.071655,POINT (127.071655 37.560385)
군자교-09,37.560476,127.071414,POINT (127.071414 37.560476)
군자교-10,37.560566,127.071183,POINT (127.071183 37.560566)
신답고가-01,37.571346,127.050086,POINT (127.050086 37.571346)
신답고가-02,37.571191,127.049928,POINT (127.049928 37.571191)
신답고가-03,37.571027,127.04977,POINT (127.04977 37.571027)
신답고가-04,37.570856,127.049602,POINT (127.049602 37.570856)
신답고가-05,37.570686,127.049436,POINT (127.049436 37.570686)
신답고가-06,37.570508,127.049265,POINT (127.049265 37.570508)
신답고가-07,37.57043,127.049386,POINT (127.049386 37.57043)
신답고가-08,37.570597,127.04956,POINT (127.04956 37.570597)
신답고가-09,37.570774,127.049728,POINT (127.049728 37.570774)
신답고가-10,37.570949,127.049903,POINT (127.049903 37.570949)
신답고가-11,37.571113,127.050066,POINT (127.050066 37.571113)
신답고가-12,37.571274,127.050225,POINT (127.050225 37.571274)
신답지하차도-13,37.568494,127.050504,POINT (127.050504 37.568494)
신답지하차도-14,37.568724,127.0502,POINT (127.0502 37.568724)
신답지하차도-15,37.568966,127.049853,POINT (127.049853 37.568966)
신답지하차도-17,37.569436,127.049222,POINT (127.049222 37.569436)
이문고가남단-01,37.599838,127.06768,POINT (127.06768 37.599838)
이문고가남단-02,37.600154,127.067653,POINT (127.067653 37.600154)
이문고가남단-03,37.600449,127.067633,POINT (127.067633 37.600449)
이문고가남단-04,37.600753,127.067609,POINT (127.067609 37.600753)
이문고가남단-05,37.601051,127.067587,POINT (127.067587 37.601051)
이문고가남단-06,37.601355,127.067562,POINT (127.067562 37.601355)
이문고가남단-07,37.601654,127.067546,POINT (127.067546 37.601654)
이문고가남단-08,37.601956,127.067519,POINT (127.067519 37.601956)
이문고가남단-09,37.602252,127.06749,POINT (127.06749 37.602252)
이문고가남단-10,37.602547,127.067469,POINT (127.067469 37.602547)
이문고가남단-11,37.602835,127.067453,POINT (127.067453 37.602835)
이문고가남단-12,37.603113,127.067431,POINT (127.067431 37.603113)
이문고가남단-13,37.603391,127.06741,POINT (127.06741 37.603391)
이문고가남단-14,37.603662,127.067387,POINT (127.067387 37.603662)
이문고가남단-15,37.603938,127.067363,POINT (127.067363 37.603938)
이문고가남단-16,37.604215,127.067343,POINT (127.067343 37.604215)
이문고가북단-01,37.604371,127.067156,POINT (127.067156 37.604371)
이문고가북단-02,37.604095,127.06718,POINT (127.06718 37.604095)
이문고가북단-03,37.603809,127.067194,POINT (127.067194 37.603809)
이문고가북단-04,37.603533,127.067227,POINT (127.067227 37.603533)
이문고가북단-05,37.603251,127.067248,POINT (127.067248 37.603251)
이문고가북단-06,37.602962,127.067269,POINT (127.067269 37.602962)
이문고가북단-07,37.602687,127.06729,POINT (127.06729 37.602687)
이문고가북단-08,37.602399,127.067311,POINT (127.067311 37.602399)
이문고가북단-09,37.602103,127.067334,POINT (127.067334 37.602103)
이문고가북단-10,37.601799,127.067363,POINT (127.067363 37.601799)
이문고가북단-11,37.601494,127.067382,POINT (127.067382 37.601494)
이문고가북단-12,37.601194,127.067409,POINT (127.067409 37.601194)
이문고가북단-13,37.600889,127.067431,POINT (127.067431 37.600889)
이문고가북단-14,37.600596,127.067452,POINT (127.067452 37.600596)
이문고가북단-15,37.6003,127.067472,POINT (127.067472 37.6003)
이문고가북단-16,37.600007,127.06749,POINT (127.06749 37.600007)
이문고가북단-17,37.599737,127.067518,POINT (127.067518 37.599737)
이화교-04,37.601452,127.072573,POINT (127.072573 37.601452)
이화교-05,37.601451,127.072207,POINT (127.072207 37.601451)
이화교-06,37.601444,127.071846,POINT (127.071846 37.601444)
이화교-07,37.60143,127.071494,POINT (127.071494 37.60143)
이화교-08,37.60136,127.07149,POINT (127.07149 37.60136)
이화교-09,37.601375,127.071838,POINT (127.071838 37.601375)
이화교-10,37.601382,127.072201,POINT (127.072201 37.601382)
이화교-11,37.601382,127.072578,POINT (127.072578 37.601382)
이화교경관-03,37.601494,127.07275,POINT (127.07275 37.601494)
이화교경관-04,37.601488,127.072397,POINT (127.072397 37.601488)
이화교경관-05,37.601484,127.072018,POINT (127.072018 37.601484)
이화교경관-06,37.601478,127.071644,POINT (127.071644 37.601478)
장안교-09,37.580275,127.076009,POINT (127.076009 37.580275)
장안교-10,37.580099,127.075971,POINT (127.075971 37.580099)
장안교-11,37.580189,127.076216,POINT (127.076216 37.580189)
장평교-03,37.57194,127.077952,POINT (127.077952 37.57194)
장평교-04,37.571993,127.077345,POINT (127.077345 37.571993)
장평교-05,37.572038,127.076739,POINT (127.076739 37.572038)
장평교-06,37.572077,127.076204,POINT (127.076204 37.572077)
장평교-07,37.572114,127.075702,POINT (127.075702 37.572114)
장평교-08,37.571967,127.075799,POINT (127.075799 37.571967)
장평교-09,37.571927,127.076365,POINT (127.076365 37.571927)
장평교-10,37.57188,127.076976,POINT (127.076976 37.57188)
장평교-11,37.571823,127.077615,POINT (127.077615 37.571823)
장평교-12,37.571779,127.078156,POINT (127.078156 37.571779)
중랑교-04,37.592573,127.07032,POINT (127.07032 37.592573)
중랑교-05,37.592505,127.070079,POINT (127.070079 37.592505)
중랑교-06,37.592436,127.069843,POINT (127.069843 37.592436)
중랑교-07,37.592368,127.069611,POINT (127.069611 37.592368)
중랑교-08,37.592191,127.069672,POINT (127.069672 37.592191)
중랑교-09,37.59226,127.06992,POINT (127.06992 37.59226)
중랑교-10,37.592333,127.070156,POINT (127.070156 37.592333)
중랑교-11,37.592403,127.070404,POINT (127.070404 37.592403)
중랑지하차도-01,37.591837,127.068805,POINT (127.068805 37.591837)
중랑지하차도-02,37.591777,127.068815,POINT (127.068815 37.591777)
중랑지하차도-03,37.591603,127.068851,POINT (127.068851 37.591603)
중랑지하차도-04,37.591508,127.068868,POINT (127.068868 37.591508)
중랑지하차도-05,37.591409,127.068884,POINT (127.068884 37.591409)
중랑지하차도-06,37.591331,127.068896,POINT (127.068896 37.591331)
중랑지하차도-07,37.591146,127.068894,POINT (127.068894 37.591146)
중랑지하차도-08,37.59099,127.068882,POINT (127.068882 37.59099)
중랑지하차도-09,37.590835,127.068868,POINT (127.068868 37.590835)
중랑지하차도-10,37.590673,127.068856,POINT (127.068856 37.590673)
중랑지하차도-11,37.590521,127.068816,POINT (127.068816 37.590521)
중랑지하차도-12,37.590359,127.068788,POINT (127.068788 37.590359)
중랑지하차도-13,37.590714,127.069128,POINT (127.069128 37.590714)
중랑지하차도-14,37.59089,127.069162,POINT (127.069162 37.59089)
중랑지하차도-15,37.591064,127.069158,POINT (127.069158 37.591064)
중랑지하차도-16,37.591223,127.069158,POINT (127.069158 37.591223)
중랑지하차도-17,37.591342,127.069143,POINT (127.069143 37.591342)
중랑지하차도-18,37.591424,127.069121,POINT (127.069121 37.591424)
중랑지하차도-19,37.59152,127.069101,POINT (127.069101 37.59152)
중랑지하차도-20,37.591627,127.069078,POINT (127.069078 37.591627)
중랑지하차도-21,37.591673,127.06905,POINT (127.06905 37.591673)
중랑지하차도-22,37.591701,127.069048,POINT (127.069048 37.591701)
중랑지하차도-23,37.591731,127.069045,POINT (127.069045 37.591731)
중랑지하차도-24,37.591662,127.068988,POINT (127.068988 37.591662)
중랑지하차도-25,37.591692,127.068985,POINT (127.068985 37.591692)
중랑지하차도-26,37.591726,127.068981,POINT (127.068981 37.591726)
중랑지하차도-27,37.59166,127.06895,POINT (127.06895 37.59166)
중랑지하차도-28,37.59169,127.068949,POINT (127.068949 37.59169)
중랑지하차도-29,37.591722,127.068945,POINT (127.068945 37.591722)
중랑지하차도-30,37.591644,127.068888,POINT (127.068888 37.591644)
중랑지하차도-31,37.591677,127.06888,POINT (127.06888 37.591677)
중랑지하차도-32,37.591711,127.068874,POINT (127.068874 37.591711)
중랑지하차도-33,37.591822,127.069046,POINT (127.069046 37.591822)
중랑지하차도-34,37.591922,127.06903,POINT (127.06903 37.591922)
중랑지하차도-35,37.592033,127.069013,POINT (127.069013 37.592033)
중랑지하차도-36,37.592167,127.068982,POINT (127.068982 37.592167)
중랑지하차도-37,37.592342,127.068952,POINT (127.068952 37.592342)
청량1고가경관LP_1-01,37.588238,127.054109,POINT (127.054109 37.588238)
청량1고가경관LP_1-02,37.58821,127.05415,POINT (127.05415 37.58821)
청량1고가경관LP_1-03,37.588178,127.05423,POINT (127.05423 37.588178)
청량1고가경관LP_1-04,37.588153,127.054307,POINT (127.054307 37.588153)
청량1고가경관LP_1-05,37.58813,127.054375,POINT (127.054375 37.58813)
청량1고가경관LP_1-06,37.588105,127.054454,POINT (127.054454 37.588105)
청량1고가경관LP_1-07,37.588079,127.054541,POINT (127.054541 37.588079)
청량1고가경관LP_1-08,37.588059,127.054602,POINT (127.054602 37.588059)
청량1고가경관LP_1-09,37.588038,127.054664,POINT (127.054664 37.588038)
청량1고가경관LP_1-10,37.588016,127.054725,POINT (127.054725 37.588016)
청량1고가경관LP_1-11,37.587993,127.054802,POINT (127.054802 37.587993)
청량1고가경관LP_1-12,37.587967,127.054892,POINT (127.054892 37.587967)
청량1고가경관LP_1-13,37.587942,127.05496,POINT (127.05496 37.587942)
청량1고가경관LP_1-14,37.587923,127.055016,POINT (127.055016 37.587923)
청량1고가경관LP_1-15,37.587913,127.055076,POINT (127.055076 37.587913)
청량1고가경관LP_2-01,37.58795,127.05408,POINT (127.05408 37.58795)
청량1고가경관LP_2-02,37.587926,127.054153,POINT (127.054153 37.587926)
청량1고가경관LP_2-03,37.587903,127.054229,POINT (127.054229 37.587903)
청량1고가경관LP_2-04,37.587882,127.05429,POINT (127.05429 37.587882)
청량1고가경관LP_2-05,37.58786,127.054364,POINT (127.054364 37.58786)
청량1고가경관LP_2-06,37.587841,127.05442,POINT (127.05442 37.587841)
청량1고가경관LP_2-07,37.587818,127.054485,POINT (127.054485 37.587818)
청량1고가경관LP_2-08,37.587796,127.054565,POINT (127.054565 37.587796)
청량1고가경관LP_2-09,37.587775,127.054634,POINT (127.054634 37.587775)
청량1고가경관LP_2-10,37.587744,127.054705,POINT (127.054705 37.587744)
청량1고가경관LP_2-11,37.587714,127.054789,POINT (127.054789 37.587714)
내_22-03,37.59446,127.040116,POINT (127.040116 37.59446)
내_22-04,37.594199,127.040008,POINT (127.040008 37.594199)
내_22-05,37.593941,127.039904,POINT (127.039904 37.593941)
내_22-06,37.593676,127.039788,POINT (127.039788 37.593676)
내_22-07,37.593431,127.039673,POINT (127.039673 37.593431)
내_22-08,37.593174,127.039553,POINT (127.039553 37.593174)
내_22-09,37.592923,127.039444,POINT (127.039444 37.592923)
내_22-10,37.592671,127.039335,POINT (127.039335 37.592671)
내_22-11,37.592414,127.039219,POINT (127.039219 37.592414)
내_22-12,37.592163,127.03911,POINT (127.03911 37.592163)
내_22-13,37.591905,127.038998,POINT (127.038998 37.591905)
내_22-14,37.591629,127.038897,POINT (127.038897 37.591629)
내_22-16,37.5911,127.038655,POINT (127.038655 37.5911)
내_22-17,37.590831,127.038528,POINT (127.038528 37.590831)
내_22-18,37.590574,127.038429,POINT (127.038429 37.590574)
내_22-19,37.590318,127.038317,POINT (127.038317 37.590318)
내_22-20,37.590066,127.038208,POINT (127.038208 37.590066)
내_22-21,37.589793,127.038083,POINT (127.038083 37.589793)
내_22-22,37.589527,127.037971,POINT (127.037971 37.589527)
내_22-23,37.589267,127.03786,POINT (127.03786 37.589267)
내_22-24,37.589014,127.037725,POINT (127.037725 37.589014)
내_22-25,37.588761,127.0376,POINT (127.0376 37.588761)
내_22-26,37.588508,127.037476,POINT (127.037476 37.588508)
내_22-27,37.588272,127.037362,POINT (127.037362 37.588272)
내_22-28,37.588038,127.037243,POINT (127.037243 37.588038)
내_23-01,37.58778,127.037106,POINT (127.037106 37.58778)
내_23-02,37.587531,127.036964,POINT (127.036964 37.587531)
내_23-03,37.587299,127.036837,POINT (127.036837 37.587299)
내_23-04,37.587067,127.036713,POINT (127.036713 37.587067)
내_23-05,37.586827,127.036576,POINT (127.036576 37.586827)
내_23-06,37.586581,127.036443,POINT (127.036443 37.586581)
내_23-07,37.586315,127.036307,POINT (127.036307 37.586315)
내_23-08,37.586063,127.036179,POINT (127.036179 37.586063)
내_23-09,37.585794,127.036055,POINT (127.036055 37.585794)
내_23-10,37.585538,127.03594,POINT (127.03594 37.585538)
내_23-11,37.58527,127.035847,POINT (127.035847 37.58527)
내_23-12,37.585015,127.035754,POINT (127.035754 37.585015)
내_23-13,37.584762,127.035688,POINT (127.035688 37.584762)
내_23-14,37.584495,127.03561,POINT (127.03561 37.584495)
내_23-15,37.58422,127.035557,POINT (127.035557 37.58422)
내_23-16,37.583984,127.035507,POINT (127.035507 37.583984)
내_23-17,37.583763,127.035452,POINT (127.035452 37.583763)
내_23-18,37.583535,127.035404,POINT (127.035404 37.583535)
내_23-19,37.583296,127.035345,POINT (127.035345 37.583296)
내_23-20,37.583065,127.0353,POINT (127.0353 37.583065)
내_23-21,37.582814,127.035248,POINT (127.035248 37.582814)
내_23-22,37.582567,127.035193,POINT (127.035193 37.582567)
내_23-23,37.582306,127.035138,POINT (127.035138 37.582306)
내_23-24,37.582049,127.035079,POINT (127.035079 37.582049)
내_23-25,37.581789,127.035023,POINT (127.035023 37.581789)
내_23-26,37.581526,127.034966,POINT (127.034966 37.581526)
내_23-27,37.581216,127.034899,POINT (127.034899 37.581216)
내_23-28,37.580921,127.034834,POINT (127.034834 37.580921)
내_23-29,37.580612,127.03477,POINT (127.03477 37.580612)
내_23-30,37.58033,127.034701,POINT (127.034701 37.58033)
내_23-31,37.580059,127.034649,POINT (127.034649 37.580059)
내_23-32,37.579781,127.034588,POINT (127.034588 37.579781)
내_23-33,37.579481,127.034534,POINT (127.034534 37.579481)
내_23-34,37.579164,127.034491,POINT (127.034491 37.579164)
내_23-35,37.578864,127.034449,POINT (127.034449 37.578864)
내_23-36,37.578544,127.034421,POINT (127.034421 37.578544)
내_23-37,37.57821,127.034403,POINT (127.034403 37.57821)
내_23-38,37.577903,127.034393,POINT (127.034393 37.577903)
내_23-39,37.577617,127.034394,POINT (127.034394 37.577617)
내_23-40,37.584329,127.035565,POINT (127.035565 37.584329)
내_24-01,37.577323,127.034407,POINT (127.034407 37.577323)
내_24-02,37.577056,127.034405,POINT (127.034405 37.577056)
내_24-03,37.576791,127.03441,POINT (127.03441 37.576791)
내_24-04,37.576503,127.034418,POINT (127.034418 37.576503)
내_24-05,37.576227,127.03443,POINT (127.03443 37.576227)
내_24-06,37.575961,127.034434,POINT (127.034434 37.575961)
내_24-07,37.575699,127.03444,POINT (127.03444 37.575699)
내_24-08,37.575426,127.034444,POINT (127.034444 37.575426)
내_24-09,37.575127,127.034459,POINT (127.034459 37.575127)
내_24-10,37.574825,127.034472,POINT (127.034472 37.574825)
내_24-11,37.574529,127.034477,POINT (127.034477 37.574529)
내_24-12,37.574247,127.034482,POINT (127.034482 37.574247)
내_24-13,37.573957,127.034496,POINT (127.034496 37.573957)
내_24-14,37.573677,127.034552,POINT (127.034552 37.573677)
내_24-15,37.573414,127.034652,POINT (127.034652 37.573414)
내_24-16,37.575536,127.034271,POINT (127.034271 37.575536)
내_24-17,37.575315,127.03427,POINT (127.03427 37.575315)
내_24-18,37.575096,127.034282,POINT (127.034282 37.575096)
내_24-19,37.574868,127.034288,POINT (127.034288 37.574868)
내_24-20,37.574627,127.034282,POINT (127.034282 37.574627)
내_24-21,37.57439,127.034299,POINT (127.034299 37.57439)
내_24-22,37.57417,127.034293,POINT (127.034293 37.57417)
내_24-23,37.573949,127.034305,POINT (127.034305 37.573949)
내_24-24,37.57373,127.034347,POINT (127.034347 37.57373)
내_24-25,37.573518,127.034406,POINT (127.034406 37.573518)
내_24-26,37.57332,127.034497,POINT (127.034497 37.57332)
내_24-27,37.573121,127.034601,POINT (127.034601 37.573121)
내_24-28,37.572911,127.034702,POINT (127.034702 37.572911)
내_24-29,37.572703,127.034808,POINT (127.034808 37.572703)
내_24-30,37.572494,127.034899,POINT (127.034899 37.572494)
내_24-31,37.572289,127.034973,POINT (127.034973 37.572289)
내_24-33,37.572584,127.035844,POINT (127.035844 37.572584)
내_24-34,37.572706,127.035632,POINT (127.035632 37.572706)
내_24-35,37.572837,127.035416,POINT (127.035416 37.572837)
내_24-36,37.572976,127.035199,POINT (127.035199 37.572976)
내_24-37,37.573143,127.03503,POINT (127.03503 37.573143)
내_24-38,37.57333,127.034895,POINT (127.034895 37.57333)
내_24-39,37.573525,127.034803,POINT (127.034803 37.573525)
내_24-40,37.573736,127.034736,POINT (127.034736 37.573736)
내_24-41,37.573963,127.034694,POINT (127.034694 37.573963)
내_24-42,37.574181,127.034673,POINT (127.034673 37.574181)
내_24-43,37.57439,127.034667,POINT (127.034667 37.57439)
내_24-44,37.574636,127.034665,POINT (127.034665 37.574636)
내_24-45,37.574867,127.034657,POINT (127.034657 37.574867)
내_24-46,37.57509,127.034651,POINT (127.034651 37.57509)
내_24-47,37.575313,127.034648,POINT (127.034648 37.575313)
내_24-48,37.575538,127.034624,POINT (127.034624 37.575538)
내_24-49,37.575235,127.034434,POINT (127.034434 37.575235)
내_25-01,37.573159,127.034782,POINT (127.034782 37.573159)
내_25-02,37.57294,127.034955,POINT (127.034955 37.57294)
내_25-03,37.572735,127.035175,POINT (127.035175 37.572735)
내_25-04,37.572567,127.035439,POINT (127.035439 37.572567)
내_25-05,37.572424,127.035736,POINT (127.035736 37.572424)
내_25-06,37.57231,127.036085,POINT (127.036085 37.57231)
내_25-07,37.57224,127.036459,POINT (127.036459 37.57224)
동_06-15,37.607424,127.070722,POINT (127.070722 37.607424)
동_06-16,37.606843,127.070736,POINT (127.070736 37.606843)
동_06-17,37.606138,127.070796,POINT (127.070796 37.606138)
동_06-18,37.605434,127.070907,POINT (127.070907 37.605434)
동_06-33,37.606976,127.070897,POINT (127.070897 37.606976)
동_06-34,37.606006,127.070977,POINT (127.070977 37.606006)
동_06-35,37.604973,127.071173,POINT (127.071173 37.604973)
동_07-01,37.604044,127.071159,POINT (127.071159 37.604044)
동_07-02,37.603386,127.071323,POINT (127.071323 37.603386)
동_07-03,37.602774,127.071429,POINT (127.071429 37.602774)
동_07-04,37.602128,127.071468,POINT (127.071468 37.602128)
동_07-05,37.601461,127.071392,POINT (127.071392 37.601461)
동_07-06,37.600802,127.071145,POINT (127.071145 37.600802)
동_07-07,37.600217,127.070767,POINT (127.070767 37.600217)
동_07-08,37.599768,127.070367,POINT (127.070367 37.599768)
동_07-09,37.599263,127.069966,POINT (127.069966 37.599263)
동_07-10,37.59877,127.069519,POINT (127.069519 37.59877)
동_07-11,37.598277,127.069118,POINT (127.069118 37.598277)
동_07-15,37.60438,127.071278,POINT (127.071278 37.60438)
동_07-16,37.603714,127.071408,POINT (127.071408 37.603714)
동_07-17,37.603113,127.071517,POINT (127.071517 37.603113)
동_07-18,37.602454,127.071626,POINT (127.071626 37.602454)
동_07-19,37.601795,127.071631,POINT (127.071631 37.601795)
동_07-20,37.601005,127.071422,POINT (127.071422 37.601005)
동_07-21,37.600163,127.070957,POINT (127.070957 37.600163)
동_07-22,37.599578,127.070444,POINT (127.070444 37.599578)
동_07-23,37.599013,127.069924,POINT (127.069924 37.599013)
동_07-24,37.598481,127.069448,POINT (127.069448 37.598481)
동_07-25,37.59793,127.069065,POINT (127.069065 37.59793)
동_07-26,37.59745,127.068823,POINT (127.068823 37.59745)
동_07-27,37.596942,127.068663,POINT (127.068663 37.596942)
동_08-01,37.596526,127.06828,POINT (127.06828 37.596526)
동_08-02,37.596249,127.068236,POINT (127.068236 37.596249)
동_08-03,37.595982,127.068249,POINT (127.068249 37.595982)
동_08-04,37.595699,127.068295,POINT (127.068295 37.595699)
동_08-05,37.595424,127.068358,POINT (127.068358 37.595424)
동_08-06,37.595145,127.068443,POINT (127.068443 37.595145)
동_08-07,37.594857,127.068526,POINT (127.068526 37.594857)
동_08-08,37.594574,127.068601,POINT (127.068601 37.594574)
동_08-09,37.594282,127.068679,POINT (127.068679 37.594282)
동_08-10,37.593992,127.068769,POINT (127.068769 37.593992)
동_08-11,37.593722,127.068859,POINT (127.068859 37.593722)
동_08-12,37.593459,127.06896,POINT (127.06896 37.593459)
동_08-13,37.59314,127.069072,POINT (127.069072 37.59314)
동_08-14,37.592771,127.069186,POINT (127.069186 37.592771)
동_08-15,37.592426,127.069262,POINT (127.069262 37.592426)
동_08-16,37.591822,127.069223,POINT (127.069223 37.591822)
동_08-17,37.591548,127.069351,POINT (127.069351 37.591548)
동_08-18,37.591242,127.069427,POINT (127.069427 37.591242)
동_08-19,37.590936,127.069505,POINT (127.069505 37.590936)
동_08-20,37.5906,127.069598,POINT (127.069598 37.5906)
동_08-21,37.590326,127.069599,POINT (127.069599 37.590326)
동_08-22,37.590027,127.069671,POINT (127.069671 37.590027)
동_08-23,37.589727,127.06975,POINT (127.06975 37.589727)
동_08-24,37.589442,127.069839,POINT (127.069839 37.589442)
동_08-25,37.589147,127.069936,POINT (127.069936 37.589147)
동_08-26,37.588857,127.07003,POINT (127.07003 37.588857)
동_08-27,37.58855,127.070105,POINT (127.070105 37.58855)
동_08-28,37.588244,127.070194,POINT (127.070194 37.588244)
동_08-29,37.58797,127.070309,POINT (127.070309 37.58797)
동_08-30,37.587708,127.070469,POINT (127.070469 37.587708)
동_08-31,37.587455,127.070636,POINT (127.070636 37.587455)
동_08-32,37.587211,127.070803,POINT (127.070803 37.587211)
동_08-33,37.59294,127.069225,POINT (127.069225 37.59294)
동_08-34,37.592661,127.069366,POINT (127.069366 37.592661)
동_08-35,37.592374,127.069494,POINT (127.069494 37.592374)
동_08-36,37.592138,127.069583,POINT (127.069583 37.592138)
동_08-37,37.591803,127.069687,POINT (127.069687 37.591803)
동_08-38,37.591449,127.069734,POINT (127.069734 37.591449)
동_08-39,37.591093,127.069705,POINT (127.069705 37.591093)
동_08-40,37.590757,127.069673,POINT (127.069673 37.590757)
동_08-41,37.590414,127.069684,POINT (127.069684 37.590414)
동_08-42,37.596452,127.068437,POINT (127.068437 37.596452)
동_08-43,37.595619,127.068507,POINT (127.068507 37.595619)
동_08-44,37.595324,127.068577,POINT (127.068577 37.595324)
동_08-45,37.595034,127.068641,POINT (127.068641 37.595034)
동_08-46,37.594732,127.068717,POINT (127.068717 37.594732)
동_08-47,37.594451,127.068821,POINT (127.068821 37.594451)
동_08-48,37.594169,127.068916,POINT (127.068916 37.594169)
동_08-49,37.593881,127.068992,POINT (127.068992 37.593881)
동_08-50,37.593584,127.069071,POINT (127.069071 37.593584)
동_08-51,37.593253,127.069179,POINT (127.069179 37.593253)
동_08-52,37.59286,127.069353,POINT (127.069353 37.59286)
동_08-53,37.591245,127.069874,POINT (127.069874 37.591245)
동_08-54,37.590335,127.069907,POINT (127.069907 37.590335)
동_08-55,37.589483,127.070084,POINT (127.070084 37.589483)
동_08-56,37.58895,127.070208,POINT (127.070208 37.58895)
동_08-57,37.588191,127.070437,POINT (127.070437 37.588191)
동_08-58,37.587512,127.070715,POINT (127.070715 37.587512)
동_08-59,37.596162,127.068578,POINT (127.068578 37.596162)
동_08-60,37.595764,127.068635,POINT (127.068635 37.595764)
동_08-61,37.595302,127.068737,POINT (127.068737 37.595302)
동_08-62,37.594864,127.068843,POINT (127.068843 37.594864)
동_08-63,37.59444,127.068996,POINT (127.068996 37.59444)
동_08-64,37.594002,127.069134,POINT (127.069134 37.594002)
동_08-65,37.593586,127.069284,POINT (127.069284 37.593586)
동_08-66,37.593191,127.069413,POINT (127.069413 37.593191)
동_08-67,37.592835,127.069552,POINT (127.069552 37.592835)
동_08-68,37.592488,127.069688,POINT (127.069688 37.592488)
동_08-69,37.592104,127.069823,POINT (127.069823 37.592104)
동_08-70,37.591791,127.069929,POINT (127.069929 37.591791)
동_08-71,37.590912,127.070042,POINT (127.070042 37.590912)
동_08-72,37.590007,127.070105,POINT (127.070105 37.590007)
동_08-73,37.589219,127.0703,POINT (127.0703 37.589219)
동_08-74,37.588581,127.070473,POINT (127.070473 37.588581)
동_08-75,37.587881,127.070696,POINT (127.070696 37.587881)
동_08-76,37.587176,127.071098,POINT (127.071098 37.587176)
동_09-01,37.586804,127.071153,POINT (127.071153 37.586804)
동_09-02,37.586264,127.071612,POINT (127.071612 37.586264)
동_09-03,37.585693,127.072141,POINT (127.072141 37.585693)
동_09-13,37.586628,127.071541,POINT (127.071541 37.586628)
동_09-14,37.586079,127.072005,POINT (127.072005 37.586079)
동_10-11,37.572203,127.077345,POINT (127.077345 37.572203)
동_10-22,37.572458,127.077521,POINT (127.077521 37.572458)
동_10-23,37.571726,127.077438,POINT (127.077438 37.571726)
동_11-01,37.571347,127.077188,POINT (127.077188 37.571347)
동_11-02,37.570716,127.076957,POINT (127.076957 37.570716)
동_11-03,37.570093,127.07665,POINT (127.07665 37.570093)
동_11-04,37.569476,127.076321,POINT (127.076321 37.569476)
동_11-05,37.568836,127.075952,POINT (127.075952 37.568836)
동_11-06,37.568208,127.075596,POINT (127.075596 37.568208)
동_11-07,37.567515,127.075213,POINT (127.075213 37.567515)
동_11-08,37.566919,127.074876,POINT (127.074876 37.566919)
동_11-09,37.566294,127.07449,POINT (127.07449 37.566294)
동_11-10,37.565684,127.074084,POINT (127.074084 37.565684)
동_11-11,37.565431,127.073933,POINT (127.073933 37.565431)
동_11-12,37.565189,127.073771,POINT (127.073771 37.565189)
동_11-13,37.564936,127.073608,POINT (127.073608 37.564936)
동_11-14,37.564687,127.073452,POINT (127.073452 37.564687)
동_11-15,37.564445,127.073296,POINT (127.073296 37.564445)
동_11-16,37.564211,127.073155,POINT (127.073155 37.564211)
동_11-17,37.563966,127.073009,POINT (127.073009 37.563966)
동_11-18,37.563734,127.072875,POINT (127.072875 37.563734)
동_11-19,37.563507,127.072745,POINT (127.072745 37.563507)
동_11-20,37.563271,127.072615,POINT (127.072615 37.563271)
동_11-21,37.563029,127.072477,POINT (127.072477 37.563029)
동_11-22,37.562787,127.072344,POINT (127.072344 37.562787)
동_11-23,37.564967,127.073788,POINT (127.073788 37.564967)
동_11-24,37.564281,127.073392,POINT (127.073392 37.564281)
동_11-25,37.563709,127.073081,POINT (127.073081 37.563709)
동_11-26,37.563021,127.072685,POINT (127.072685 37.563021)
동_11-27,37.570939,127.077213,POINT (127.077213 37.570939)
동_11-28,37.570346,127.076945,POINT (127.076945 37.570346)
동_11-29,37.569734,127.076627,POINT (127.076627 37.569734)
동_11-30,37.569101,127.076255,POINT (127.076255 37.569101)
동_11-31,37.56846,127.075902,POINT (127.075902 37.56846)
동_11-32,37.567867,127.075579,POINT (127.075579 37.567867)
동_11-33,37.567223,127.075212,POINT (127.075212 37.567223)
동_11-34,37.566613,127.074862,POINT (127.074862 37.566613)
동_11-35,37.565993,127.074525,POINT (127.074525 37.565993)
동_11-36,37.565294,127.07413,POINT (127.07413 37.565294)
동_11-37,37.56456,127.073745,POINT (127.073745 37.56456)
동_11-38,37.563919,127.073371,POINT (127.073371 37.563919)
동_11-39,37.563316,127.073033,POINT (127.073033 37.563316)
동_11-40,37.562715,127.072697,POINT (127.072697 37.562715)
동_11-41,37.564019,127.073134,POINT (127.073134 37.564019)
동_11-42,37.564153,127.073308,POINT (127.073308 37.564153)
동_11-43,37.564248,127.073506,POINT (127.073506 37.564248)
동_11-44,37.564323,127.073721,POINT (127.073721 37.564323)
동_11-45,37.56436,127.073962,POINT (127.073962 37.56436)
동_12-01,37.562597,127.072211,POINT (127.072211 37.562597)
동_12-02,37.562357,127.072077,POINT (127.072077 37.562357)
동_12-03,37.56212,127.071935,POINT (127.071935 37.56212)
동_12-04,37.561887,127.071793,POINT (127.071793 37.561887)
동_12-05,37.561692,127.071672,POINT (127.071672 37.561692)
동_12-06,37.561466,127.071552,POINT (127.071552 37.561466)
동_12-07,37.561258,127.071441,POINT (127.071441 37.561258)
동_12-08,37.561031,127.071281,POINT (127.071281 37.561031)
동_12-09,37.560834,127.071148,POINT (127.071148 37.560834)
동_12-29,37.561645,127.071761,POINT (127.071761 37.561645)
동_12-30,37.561447,127.071663,POINT (127.071663 37.561447)
동_12-31,37.561242,127.071557,POINT (127.071557 37.561242)
동_12-32,37.561012,127.071441,POINT (127.071441 37.561012)
동_12-33,37.560754,127.071316,POINT (127.071316 37.560754)
동_12-34,37.560542,127.071209,POINT (127.071209 37.560542)
동_12-41,37.562356,127.072306,POINT (127.072306 37.562356)
동_12-42,37.561683,127.071932,POINT (127.071932 37.561683)
동_12-43,37.56102,127.071559,POINT (127.071559 37.56102)
동_12-51,37.561996,127.072308,POINT (127.072308 37.561996)
동_12-52,37.561344,127.071928,POINT (127.071928 37.561344)
동_12-53,37.56062,127.071537,POINT (127.071537 37.56062)
동_12-54,37.560437,127.071397,POINT (127.071397 37.560437)
동_25-67,37.596478,127.069404,POINT (127.069404 37.596478)
동_25-68,37.596444,127.069194,POINT (127.069194 37.596444)
동_25-69,37.596374,127.069001,POINT (127.069001 37.596374)
동_25-70,37.596276,127.068811,POINT (127.068811 37.596276)
동_25-71,37.596158,127.068655,POINT (127.068655 37.596158)
동_25-72,37.596003,127.068534,POINT (127.068534 37.596003)
동_25-73,37.595845,127.068443,POINT (127.068443 37.595845)
동_25-74,37.595659,127.068393,POINT (127.068393 37.595659)
동_25-75,37.58933,127.069957,POINT (127.069957 37.58933)
동_25-76,37.589159,127.070119,POINT (127.070119 37.589159)
동_25-77,37.58903,127.070317,POINT (127.070317 37.58903)
동_25-78,37.588938,127.070543,POINT (127.070543 37.588938)
동_25-79,37.588889,127.070791,POINT (127.070791 37.588889)
동_25-80,37.588889,127.071033,POINT (127.071033 37.588889)
